club_id,name,stadium_name,stadium_seats,coach_name,squad_size
10,Arminia Bielefeld,SchücoArena,26515,Unknown Coach,27
10004,Paris FC,Stade Jean Bouin,19904,Stéphane Gilli,27
10010,Esporte Clube Bahia,Arena Fonte Nova,47364,Unknown Coach,32
1003,Leicester City,King Power Stadium,32259,Steve Cooper,29
1005,US Lecce,Ettore Giardiniero,31559,Eusebio Di Francesco,39
10090,Asociación Deportivo Pasto,Estadio Departamental Libertad,20000,Gustavo Florentín,26
10093,Independiente Medellín,Estadio Atanasio Girardot,45943,Alfredo Arias,26
1010,Watford FC,Vicarage Road,21577,Unknown Coach,30
1011,Halmstads BK,Örjans Vall,10873,Unknown Coach,22
10217,Sarpsborg 08 Fotballforening,Sarpsborg Stadion,8022,Unknown Coach,25
1022,Cerezo Osaka,YANMAR Hanasaka Stadium,24481,Unknown Coach,29
1023,Sociedade Esportiva Palmeiras,Nubank Parque,43713,Unknown Coach,31
1025,Bologna Football Club 1909,Stadio Renato Dall’Ara,36462,Unknown Coach,27
1029,Club Atlético Vélez Sársfield,José Amalfitani,49747,Unknown Coach,26
1030,Asociación Atlética Argentinos Juniors,Diego Armando Maradona,22063,Unknown Coach,30
1031,Luton Town,Kenilworth Road,11850,Unknown Coach,30
1032,Reading FC,Select Car Leasing Stadium,24161,Unknown Coach,30
1038,UC Sampdoria,Luigi Ferraris,36348,Unknown Coach,33
1039,Queens Park Rangers,Loftus Road Stadium,18360,Unknown Coach,26
1041,Olympique Lyon,Groupama Stadium,59186,Paulo Fonseca,34
1044,Djurgårdens Idrottsförening,3Arena,30000,Unknown Coach,25
1047,Como 1907,Giuseppe Sinigaglia,12039,Cesc Fàbregas,40
10484,Kasimpasa,Recep Tayyip Erdoğan Stadyumu,13797,Shota Arveladze,37
1049,Valencia CF,Mestalla,49430,Carlos Corberán,27
10492,Esporte Clube Juventude,Estádio Alfredo Jaconi,23726,Roger Machado,29
105,SV Darmstadt 98,Merck-Stadion am Böllenfalltor,17810,Unknown Coach,27
1050,Villarreal CF,La Cerámica,23500,Marcelino,27
10503,Deportes Tolima,Estadio Manuel Murillo Toro,28100,David González,25
10511,CA San Martín (San Juan),Ingeniero Hilario Sánchez,26500,Leandro Romagnoli,30
1053,Aalborg BK,Aalborg Portland Park,13310,Menno van Dam,26
1057,Bryne FK,Bryne Stadion,5500,Ole Kevin Knappen,23
1059,Hammarby IF,3Arena,30000,Unknown Coach,25
1061,Los Angeles Galaxy,Dignity Health Sports Park,27000,Unknown Coach,27
1062,S-Pulse,IAI Stadium Nihondaira,20299,Unknown Coach,37
1063,Viborg FF,Energi Viborg Arena,9566,Nickolai Lund,26
1066,Nagoya Grampus Eight,Toyota Stadium,45000,Unknown Coach,30
10690,Zorya Lugansk,Valeriy Lobanovsky Stadion,16873,Viktor Skrypnyk,23
1071,Wigan Athletic,DW Stadium,25133,Unknown Coach,26
1075,SC Braga,Estádio Municipal de Braga,30286,Carlos Vicens,38
1082,LOSC Lille,Decathlon Arena-Stade Pierre-Mauroy,50186,Bruno Genesio,30
1083,FK Rostov,Rostov Arena,45415,Unknown Coach,29
1084,Málaga CF,La Rosaleda,30044,Unknown Coach,27
1085,Vitória Setúbal FC,Estádio do Bonfim,18642,Unknown Coach,29
10870,Fortaleza Esporte Clube,Estádio Governador Plácido Castelo,63904,Juan Pablo Vojvoda,29
1090,AZ Alkmaar,AFAS Stadion,19500,Maarten Martens,31
1091,Panthessalonikios Athlitikos Omilos Konstantinoupoliton,Toumba Stadium,28703,Unknown Coach,31
1092,Idrottsföreningen  Brommapojkarna,Grimsta IP,5000,Unknown Coach,31
1095,ESTAC Troyes,Stade de l'Aube,21877,Unknown Coach,29
1096,Royal Antwerp FC,Bosuilstadion,21000,Stef Wils,23
10997,Clube do Remo,Estádio Evandro Almeida,13792,Unknown Coach,37
11,Arsenal FC,Emirates Stadium,60704,Mikel Arteta,29
1100,Sportsklubben Brann,Brann Stadion,17500,Unknown Coach,29
1101,Idrottsföreningen Elfsborg,Borås Arena,16200,Unknown Coach,29
110302,Avs Futebol,Estádio do Clube Desportivo das Aves,6230,José Mota,22
1106,Club de Gimnasia y Esgrima La Plata,Juan Carmelo Zerillo,30973,Unknown Coach,31
1108,Deportivo Alavés,Mendizorroza,19840,Eduardo Coudet,27
1109,BK Häcken,Nordic Wellness Arena,6316,Unknown Coach,27
1110,Huddersfield Town,John Smith's Stadium,24500,Unknown Coach,33
11126,Mordovia Saransk (-2020),Mordovia Arena,44442,Unknown Coach,0
11127,Ural Yekaterinburg,Yekaterinburg Arena,23000,Unknown Coach,30
1114,Al-Hilal Saudi Football Club,Kingdom Arena,30000,Unknown Coach,27
11141,Toronto FC,BMO Field,30991,Unknown Coach,27
1118,Örgryte IS,Gamla Ullevi,18454,Unknown Coach,28
11194,NK Lokomotiva Zagreb,Kranjceviceva,8850,Nikica Jelavic,47
1123,Norwich City,Carrow Road,27244,Unknown Coach,25
1124,Fakel Voronezh,Fakel,10052,Igor Cherevchenko,24
11282,Alanyaspor,Alanya Oba Stadyumu,9727,João Pereira,28
1132,Burnley FC,Turf Moor,21994,Scott Parker,30
11380,ASFC Buzau (2016-2025),Gloria,12336,Andrei Prepeliță,0
114,Beşiktaş Jimnastik Kulübü,Beşiktaş Park,42684,Unknown Coach,28
1146,Club Necaxa,Estadio Victoria,23851,Fernando Gago,26
1147,AC Ajaccio,Stade François-Coty,10446,Unknown Coach,24
1148,Brentford FC,Gtech Community Stadium,17250,Keith Andrews,34
114977,San Diego Football Club,Snapdragon Stadium,35000,Unknown Coach,28
1158,FC Lorient,Stade du Moustoir,16787,Olivier Pantaloni,23
1159,AS Nancy-Lorraine,Stade Marcel-Picot,20087,Unknown Coach,27
1160,Nîmes Olympique,Stade des Antonins,8033,Unknown Coach,26
1162,SM Caen,Stade Michel-d'Ornano,20500,Unknown Coach,27
11648,Independiente Santa Fe,Estadio Nemesio Camacho (El Campín),36343,Pablo Peirano,26
11688,Giresunspor,Çotanak Spor Kompleksi,21500,Unknown Coach,17
1177,Silkeborg IF,JYSK Park,10000,Kent Nielsen,24
11831,Club Atlético Tigre,José Dellagiovanna,26282,Unknown Coach,30
118373,Auckland FC,Mount Smart Stadium,25000,Steve Corica,29
1184,KRC Genk,Cegeka Arena,23718,Thorsten Fink,28
11854,Junior FC,Metropolitano Roberto Meléndez,46692,Arturo Reyes,26
1186,Torpedo Moscow,Luzhniki Stadium,81000,Unknown Coach,28
1191,Falkirk FC,The Falkirk Stadium,7937,John McGlynn,22
12,Associazione Sportiva Roma,Olimpico di Roma,70634,Unknown Coach,27
120,Kocaelispor,Turka Araç Muayene Kocaeli Stadyumu,34829,Selçuk İnan,28
121,FK Dinamo Moskva,VTB-Arena,25716,Unknown Coach,30
1210,US Livorno 1915,Armando Picchi,19238,Unknown Coach,29
12179,Club Sportivo Independiente Rivadavia,Bautista Gargantini,24000,Unknown Coach,28
122,Sportklub Puntigamer Sturm Graz,Merkur Arena,16364,Unknown Coach,26
12301,Club Atlético Aldosivi,José María Minella,35180,Unknown Coach,33
12321,Girona FC,Montilivi,14624,Míchel,25
1234,Club Atlético Independiente de Avellaneda,Libertadores de América-Ricardo Enrique Bochini,48069,Unknown Coach,26
1236,Östers IF,Spiris Arena,12000,Martin Foyston,25
1237,Brighton & Hove Albion,AMEX Stadium,31876,Fabian Hürzeler,37
124,Rangers FC,Ibrox Stadium,50987,Russell Martin,30
1241,Livingston FC,Home of the Set Fare Arena,9512,David Martindale,26
12438,Volga Nizhniy Novgorod (- 2016),Zentralstadion Lokomotiv,17856,Unknown Coach,0
1244,CD Leganés,Ontime Butarque,14422,Borja Jiménez,24
1245,KAS Eupen,Kehrweg-Stadion,8361,Unknown Coach,25
12454,Club Atlético Sarmiento,Eva Perón,23156,Unknown Coach,30
1247,Colorado Rapids,Dick's Sporting Goods Park,33680,Unknown Coach,30
12574,CD Godoy Cruz Antonio Tomba,Feliciano Gambarte,23000,Daniel Oldrá,31
126,Caykur Rizespor,Çaykur Didi,14879,İlhan Palut,30
1268,ADO Den Haag,Bingoal Stadion,15000,Unknown Coach,34
1269,PEC Zwolle,MAC³PARK stadion,14000,Mirjam Clifford,21
127,SC Paderborn 07,Home Deluxe Arena,15000,Unknown Coach,26
128,AO Xanthi,Xanthi Arena,7361,Unknown Coach,0
1283,FC Emmen,De Oude Meerdijk,8309,Unknown Coach,17
1286,Club Atlético Newell’s Old Boys,Marcelo Bielsa,49000,Unknown Coach,34
1293,Tromsø Idrettslag,Romssa Arena,7500,Unknown Coach,24
13,Atlético de Madrid,Riyadh Air Metropolitano,70460,Diego Simeone,26
130,Parma Calcio 1913,Ennio Tardini,22352,Carlos Cuesta,33
1301,CS Marítimo,Estádio do Marítimo,10600,Unknown Coach,29
1304,Heracles Almelo,Asito Stadion,12242,Bas Sibum,30
131,FC Barcelona,Spotify Camp Nou,62657,Hansi Flick,28
132,NAC Breda,Rat Verlegh Stadion,20500,Jo Jansen,21
1321,SK Dynamo Ceske Budejovice,Fotbalový stadion Střelecký ostrov,6746,Jiri Lerch,35
1322,FK Jablonec,Střelnice,6108,Lubos Kozel,29
133,SC Cambuur Leeuwarden,Cambuurstadion,10250,Unknown Coach,16
13353,Club Tijuana,Estadio Caliente,29333,Sebastián Abreu,24
13726,MFK Karvina,Městský stadion,4833,Marek Jarolim,21
1387,Siena FC,Artemio Franchi,15373,Unknown Coach,20
1390,Cagliari Calcio,Unipol Domus,16416,Fabio Pisacane,32
14,Austria Vienna,Generali Arena,15600,Stephan Helm,31
1403,Santos Laguna,Estadio Territorio Santos Modelo Corona,29237,Francisco Rodríguez,31
141,Galatasaray,Ali Sami Yen Spor Kompleksi RAMS Park,53978,Okan Buruk,33
1411,RAEC Mons (- 2015),Stade Charles Tondreau,12662,Unknown Coach,0
1416,Amiens SC,Stade Crédit Agricole la Licorne,12999,Unknown Coach,24
14171,Thonon Évian Grand Genève FC,Stade Camille Fournier,2500,Unknown Coach,27
1418,Club Atlético Rosario Central,Gigante de Arroyito,46755,Unknown Coach,28
142,Real Zaragoza,La Romareda,33608,Unknown Coach,23
1420,Angers SCO,Stade Raymond-Kopa,19350,Alexandre Dujeux,22
1421,Stade Reims,Stade Auguste-Delaune,20519,Luka Elsner,24
1423,Valenciennes FC,Stade du Hainaut,25000,Unknown Coach,30
1426,VVV-Venlo,Covebo Stadion - De Koel,8000,Unknown Coach,28
1429,Cesena FC,Orogel Stadium - Dino Manuzzi,23860,Unknown Coach,28
1434,SC Telstar,BUKO Stadion,5338,Anthony Correia,19
1435,Go Ahead Eagles,De Adelaarshorst,10400,Mike Klein,26
1436,SC Beira-Mar,Estádio Municipal de Aveiro,32830,Unknown Coach,26
144,HNK Rijeka,Stadion Rujevica,8136,Radomir Djalovic,34
1444,Racing Club Asociación Civil de Avellaneda,Presidente Perón,55000,Unknown Coach,31
1455,FC Dordrecht,Matchoholic Stadion,4235,Unknown Coach,29
14554,Club Atlético Tucumán,Monumental José Fierro,35200,Unknown Coach,30
14589,FC Orenburg,Gazovik,10046,Unknown Coach,31
14602,Asociación Atlética Estudiantes,Antonio Candini,12000,Unknown Coach,32
14649,Boyacá Chicó FC,Estadio de la Independencia,20630,Jhon Jaime Gómez,29
1465,GD Estoril Praia,Estádio António Coimbra da Mota,5094,Ian Cathro,26
1467,Göztepe,Gürsel Aksel Stadyumu,23376,Stanimir Stoilov,28
14680,Unión Magdalena,Estadio Sierra Nevada (Santa Marta),16126,Álvaro Hernández,26
14687,Club Atlético Gimnasia y Esgrima de Mendoza,Víctor Antonio Legrotaglie,14000,Unknown Coach,30
148,Tottenham Hotspur,Tottenham Hotspur Stadium,62850,Thomas Frank,37
1496,FK Pardubice,Stadion Arnošta Košťála,4620,David Strihavka,35
15,Bayer 04 Leverkusen,BayArena,30210,Erik ten Hag,36
150,Real Betis Balompié,La Cartuja,71374,Manuel Pellegrini,26
1506,Kardemir Karabükspor,Dr. Necmettin Şeyhoğlu,12400,Unknown Coach,0
1519,Dundee United FC,Tannadice Park,14223,Jim Goodwin,20
152,Samsunspor,Samsun Yeni 19 Mayıs,34303,Thomas Reis,38
15276,FK Spartak Subotica,Gradski stadion Subotica,13020,Dusan Djordjevic,31
1531,Elche CF,Manuel Martínez Valero,31388,Eder Sarabia,23
1533,SD Eibar,Ipurua,8164,Unknown Coach,26
157,KAA Gent,Planet Group arena,20185,Ivan Leko,33
159,Red Star Belgrade,Rajko Mitić,49167,Vladan Milojevic,37
15906,Termalica Bruk-Bet Nieciecza Klub Sportowy,Stadion Bruk-Bet,4653,Unknown Coach,27
16,Borussia Dortmund,SIGNAL IDUNA PARK,81365,Niko Kovac,29
162,AS Monaco,Stade Louis-II,18525,Adi Hütter,28
16239,Desna Chernigiv,Stadion im. Yuriya Gagarina,12060,Unknown Coach,0
16245,FK Sevastopol (- 2014),SK Sevastopol,5826,Unknown Coach,0
16247,PFK Stal Kamyanske (-2018),Obolon,5100,Unknown Coach,0
1627,Catania FC,Cibali - Angelo Massimino,20204,Unknown Coach,27
167,FC Augsburg,WWK ARENA,30660,Sandro Wagner,30
16704,FK Krasnodar,OZON Arena,35179,Unknown Coach,29
16795,Granada CF,Nuevo Los Cármenes,19336,Unknown Coach,24
168,Zaglebie Lubin,KGHM Zagłębie Arena,16086,Leszek Ojrzyński,32
169,Panionios Athens,Stadio Neas Smyrnis,11700,Unknown Coach,34
170,Rapid Vienna,Allianz-Stadion,28345,Peter Stöger,33
172,Royal Charleroi Sporting Club,Stade du Pays de Charleroi,14968,Unknown Coach,27
17209,Al-Wehda FC,King Abdul Aziz Stadium,38000,Josef Zinnbauer,28
173,Odense Boldklub,Nature Energy Park,15761,Alexander Zorniger,25
17425,Internacional de Bogotá,Estadio Metropolitano de Techo,8000,Juan Mahecha,24
1775,Club Atlético San Lorenzo de Almagro,Pedro Bidegain,47964,Unknown Coach,34
17776,Associação Chapecoense de Futebol,Arena Condá,22600,Unknown Coach,34
18,Borussia Mönchengladbach,Stadion im Borussia-Park,54042,Gerardo Seoane,29
180,Southampton FC,St Mary's Stadium,32384,Russell Martin,27
1804,Deportivo Toluca,Estadio Nemesio Díez Riega,31000,Antonio Mohamed,30
18105,PFK Lviv,Stadion SKIF,3742,Unknown Coach,3
1829,Instituto Atlético Central Córdoba,Juan Domingo Perón,25000,Unknown Coach,31
18303,FC Oleksandriya,KSK Nika,7000,Kyrylo Nesterenko,30
18487,Al-Ahli Saudi Football Club,King Abdullah Sports City,62345,Unknown Coach,26
18544,Al-Nassr Football Club,Al-Awwal Park,25000,Unknown Coach,27
189,Club Atlético Boca Juniors,Alberto J. Armando,54000,Unknown Coach,36
1894,Hvidovre IF,PRO VENTILATION Arena,12000,Unknown Coach,25
1897,FC Hradec Kralove,FINEP Arena,9300,David Horejs,28
19,Brescia Calcio,Mario Rigamonti,19550,Unknown Coach,28
190,FC Copenhagen,Parken - connected by 3,38065,Jacob Neestrup,29
192,Roda JC Kerkrade,Parkstad Limburg Stadion,19979,Unknown Coach,25
195,Rosenborg Ballklub,Lerkendal Stadion,21510,Unknown Coach,29
19657,Vendsyssel FF,Nord Energi Arena,10000,Unknown Coach,24
19684,Jeju SK Football Club,Jeju World Cup Stadium,29791,Unknown Coach,32
197,AC Sparta Prague,epet Arena,18243,Brian Priske,33
19771,Akhisarspor,Spor Toto Akhisar Stadyumu,12139,Unknown Coach,14
19775,Asociación de Fomento Deportivo Riestra Barrio Colón,Guillermo Laza,10000,Unknown Coach,33
19789,Yeni Malatyaspor,Yeni Malatya Stadyumu,25745,Unknown Coach,10
199,Sport Club Corinthians Paulista,Neo Química Arena,49205,Unknown Coach,34
20,Bursaspor,Bursa Büyükşehir Belediye Stadyumu,43361,Unknown Coach,26
200,FC Utrecht,"Stadion ""Galgenwaard""",23750,Ron Jans,31
20100,FC Vestsjaelland,Harboe Arena,10000,Unknown Coach,0
202,FC Groningen,Euroborg,22550,Dick Lukkien,24
2029,Ceará Sporting Club,Estádio Governador Plácido Castelo,63904,Anderson Batatais,29
2036,1. Fußballclub Heidenheim 1846,Voith-Arena,15000,Unknown Coach,29
204,Lierse SK (- 2018),Herman Vanderpoortenstadion,14538,Unknown Coach,0
20590,Rionegro Águilas,Estadio Cincuentenario,4000,José Luis García,25
206,Bröndby IF,Brøndby Stadion,28000,Frederik Birk,30
2063,Club Atlético Huracán,Tomás Adolfo Ducó,43482,Unknown Coach,30
20698,Balikesirspor,Balıkesir Atatürk,15800,Unknown Coach,22
2079,Veria NPS,Dimotiko Stadio Verias,6350,Unknown Coach,29
20887,FK Jedinstvo Ub,Stadion Dragan Dzajic,4000,Ivan Radovanovic,29
209,Club Atlético River Plate,Mâs Monumental,85018,Unknown Coach,37
210,Grêmio Foot-Ball Porto Alegrense,Arena do Grêmio,60540,Unknown Coach,34
21101,Kristiansund Ballklubb,Nordmøre stadion,4444,Unknown Coach,25
2118,Wisla Plock,ORLEN Stadion im. Kazimierza Górskiego,15004,Mariusz Misiura,25
2125,Esporte Clube Vitória,Estádio Manoel Barradas,30793,Unknown Coach,39
21459,Gangwon Football Club,Gangneung High1 Arena,21416,Unknown Coach,44
2157,FC Blau-Weiss Linz,Hofmann Personal Stadion,5595,Mitja Mörec,21
218,San Jose Earthquakes,PayPal Park,18000,Unknown Coach,30
21957,AO Platanias,Dimotiko Gipedo Perivolia,3700,Unknown Coach,0
21975,Football Club Mito HollyHock,K's denki Stadium Mito,12000,Unknown Coach,34
221,Santos Futebol Clube,Estádio Urbano Caldeira,16068,Unknown Coach,37
22110,FC Helsingör,Helsingør Ny Stadion,4000,Unknown Coach,23
22171,Fagiano Okayama Sports Club,JFE Hare no Kuni Stadium,20000,Unknown Coach,32
2227,SK Tavriya Simferopol ( - 2022),RS Lokomotiv,19978,Unknown Coach,0
223,HNK Sibenik,Subicevac,3701,Mario Carevic,15
22381,Al-Raed SFC,Al-Raed Club Stadium,5000,Odair Hellmann,22
2239,US Cremonese,Giovanni Zini,16003,Giovanni Persico,33
2241,Kashima Antlers FC,Kashima Soccer Stadium,40728,Unknown Coach,29
22431,Stal Mielec,Stadion Miejski imienia Grzegorza Lato w Mielcu,6864,Kamil Kieres,26
2282,Club Brugge KV,Jan Breydelstadion,29062,Nicky Hayen,27
2288,Swansea City,Swansea.com Stadium,21088,Unknown Coach,22
22902,Alianza FC,Estadio Armando Maestre Pavajeau,11500,Hubert Bodhert,28
2292,Elazigspor,Elazığ Stadyumu,23000,Unknown Coach,28
2293,Konyaspor,Medaş Konya Büyükşehir Stadyumu,41600,Recep Uçar,25
23,Eintracht Braunschweig,EINTRACHT-Stadion,23325,Unknown Coach,30
2300,Jagiellonia Bialystok,Chorten Arena,22372,Adrian Siemieniec,24
2311,"SK Sigma Olomouc, a.s.",Andrův stadion,12451,Unknown Coach,32
23184,KFUM-Kameratene Oslo,KFUM Arena,3300,Unknown Coach,27
232,FK Spartak Moskva,Lukoil Arena,44571,Unknown Coach,26
2323,Orduspor,19 Eylül Stadyum,11024,Unknown Coach,3
234,Feyenoord Rotterdam,"Stadion Feyenoord ""De Kuip""",47500,Robin van Persie,37
235,RKC Waalwijk,Mandemakers Stadion,7186,Henk Fraser,31
2350,Millonarios FC,Estadio Nemesio Camacho (El Campín),36343,Alberto Gamero,28
2352,CD América de Cali,Estadio Olímpico Pascual Guerrero,42300,Jorge da Silva,27
23568,Zelvia,Machida GION Stadium,15320,Unknown Coach,26
23581,V-Varen Nagasaki,Peace Stadium connected by SoftBank,20027,Unknown Coach,34
23611,Olimpik Donetsk,NTK im. B. M. Bannikova,1678,Unknown Coach,0
2362,Slaven Belupo Koprivnica,Gradski Stadion Ivan Kusek Apas,5000,Mario Gregurina,42
237,RCD Mallorca,Mallorca Son Moix,25736,Jagoba Arrasate,24
2375,Altay SK,Alsancak Mustafa Denizli Stadı,15000,Unknown Coach,31
238,Lech Poznan,Enea Poznań,42837,Niels Frederiksen,28
2381,Sivasspor,BG Grup 4 Eylül Stadyumu,27817,Bülent Uygun,26
23826,RB Leipzig,Red Bull Arena,47069,Ole Werner,33
239,Viking Fotballklubb,Lyse Arena,15900,Unknown Coach,25
24,Eintracht Frankfurt,Deutsche Bank Park,59500,Dino Toppmöller,32
2402,Club Social y Deportivo Defensa y Justicia,Norberto Tomaghello,18750,Unknown Coach,29
2407,CF Monterrey,Estadio BBVA,53500,Domènec Torrent,29
2410,PFK CSKA Moskva,VEB Arena,30114,Unknown Coach,28
2414,AC Horsens,Nordstern Arena Horsens,10400,Unknown Coach,19
2417,Club Atlético Belgrano,Julio César Villagra,38550,Unknown Coach,27
242,FC Winterthur,Schützenwiese,8700,Uli Forte,27
2420,Vitória Guimarães SC,Estádio D. Afonso Henriques,30029,Luís Pinto,27
2423,CD Santa Clara,Estádio de São Miguel,12500,Vasco Matos,35
2424,Gil Vicente FC,Estádio Cidade de Barcelos,12046,César Peixoto,27
24245,Ümraniyespor,Ümraniye Belediyesi Şehir Stadı,3513,Unknown Coach,12
2425,Rio Ave FC,Estádio do Rio Ave FC,5300,Sotiris Sylaidopoulos,25
2431,CF Estrela Amadora,Estádio José Gomes,9288,José Faria,29
2439,Kuban Krasnodar (-2018),Kuban Stadium,31654,Unknown Coach,0
244,Olympique Marseille,Orange Vélodrome,67394,Roberto De Zerbi,26
2440,D.C. United,Audi Field,20000,Unknown Coach,26
2441,Athlitiki Enosi Konstantinoupoleos,Allwyn Arena,32500,Unknown Coach,30
2446,WSG Tirol,Tivoli Stadion Tirol,15400,Philipp Semlic,22
2448,Sporting Gijón,El Molinón - Enrique Castro Quini,29029,Unknown Coach,28
2451,Inverness Caledonian Thistle FC,Tulloch Caledonian Stadium,7750,Unknown Coach,26
2457,B SAD,Estádio Nacional do Jamor,37593,Unknown Coach,25
24575,HNK Gorica,SRC Velika Gorica,5050,Mario Carevic,35
2462,Fluminense Football Club,Estádio Jornalista Mário Filho,82238,Unknown Coach,33
2477,Karpaty Lviv (-2021),Stadion Ukraina,28051,Unknown Coach,0
2497,Real Oviedo,Carlos Tartiere,30500,Veljko Paunovic,21
2503,Boavista FC,Estádio do Bessa Século XXI,28263,Cristiano Bacci,9
25184,Club Atlético Barracas Central,Claudio Chiqui Tapia,18000,Unknown Coach,29
252,Genoa CFC,Luigi Ferraris,34901,Patrick Vieira,31
2521,FC Alverca,Complexo Desportivo FC Alverca,6932,Custódio,23
25467,Philadelphia Union,Subaru Park,18500,Unknown Coach,29
255,Legia Warszawa,Stadion Miejski im. Marszałka Józefa Piłsudskiego,31103,Edward Iordănescu,25
2553,Kilmarnock FC,"BBSP Stadium, Rugby Park",18128,Stuart Kettlewell,24
25580,Melbourne City FC,AAMI Park,30050,Aurelio Vidmar,26
257,FC St. Gallen 1879,kybunpark,20660,Enrico Maaßen,30
2578,St. Johnstone FC,McDiarmid Park,10696,Craig Levein,24
26,FC Basel 1893,St. Jakob-Park,38512,Ludovic Magnin,32
260,FC Zürich,Stadion Letzigrund,26104,Mitchell van der Gaag,25
26069,Al-Qadsiah Saudi Football Club,Prince Mohamed bin Fahd Stadium,26000,Unknown Coach,24
26459,NK Veres Rivne,Stadion Avangard (2022),7122,Oleg Shandruk,21
265,Panathinaikos Athlitikos Omilos,Apostolos Nikolaidis,15000,Unknown Coach,33
266,SV Ried,BWT X Oberösterreichische Arena,7300,Maximilian Senft,28
267,Idrettsklubben Start,Sparebanken Sør Arena,14300,Unknown Coach,28
2671,PAS Giannina,Stadio Zosimades,7652,Unknown Coach,21
2672,APO Levadiakos Football Club,"Stadio Livadias ""Lampros Katsonis""",5915,Unknown Coach,28
2687,Cádiz CF,Nuevo Mirandilla,21094,Unknown Coach,26
269,Holstein Kiel,Holstein-Stadion,15034,Marcel Rapp,29
2696,PFK Krylya Sovetov Samara,Solidarnost Samara Arena,42347,Unknown Coach,27
2697,Sanfrecce Hiroshima,EDION Peace Wing Hiroshima,28529,Unknown Coach,27
2698,FC Rubin Kazan,Ak Bars Arena,45379,Unknown Coach,33
27,Bayern Munich,Allianz Arena,75000,Vincent Kompany,31
2700,Anzhi Makhachkala ( -2022),RDYuSSh MinObrNauki RD Politekh Makhachkala,1600,Unknown Coach,0
2703,Spartak Vladikavkaz (-2020),Republican Stadium Spartak,32464,Unknown Coach,0
2715,RFC Seraing,Stade du Paray,6744,Unknown Coach,22
2719,Mjällby Almänna Idrottsförening,Strandvallen,7500,Unknown Coach,28
272,Allmänna Idrottsklubben,Strawberry Arena,50000,Unknown Coach,28
2722,SPAL,Paolo Mazza,16134,Unknown Coach,32
27221,Al-Fateh Club,Al-Fateh Club Stadium,11000,Unknown Coach,32
2727,Oud-Heverlee Leuven,King Power at Den Dreef Stadion,9809,David Hubert,23
273,Stade Rennais FC,Roazhon Park,29778,Habib Beye,34
2740,Vorskla Poltava,Vorskla im. Oleksiy Butovskyi,23842,Sergiy Dolganskyi,19
2741,FK Baltika,Rostec Arena,30600,Unknown Coach,28
2759,Ross County FC,Global Energy Stadium,6541,Don Cowie,26
276,Hellas Verona,Marcantonio Bentegodi,39211,Paolo Zanetti,29
2760,Partick Thistle FC,The Energy Check Stadium at Firhill,10102,Unknown Coach,19
2761,FK Haugesund,Haugesund Sparebank Arena,8983,Sancheev Manoharan,23
2778,FC Nordsjaelland,Right to Dream Park,10300,Jens Olsen,30
2783,Metalurg Donetsk (- 2015),Metalurg,5090,Unknown Coach,0
2790,FC Lugano,AIL Arena,8793,Mattia Croci-Torti,34
28095,FK Ufa,Neftyanik,15132,Unknown Coach,26
281,Manchester City,Etihad Stadium,61000,Pep Guardiola,32
2817,Strømsgodset IF,Marienlyst Stadion,8935,Jørgen Isnes,22
2832,Gaziantep FK,Gaziantep Stadyumu,30320,İsmet Taşdemir,23
2844,IFK Norrköping,Platinumcars Arena,17234,Andreas Alm,26
2861,KV Oostende,Diaz Arena,8432,Unknown Coach,26
28643,SK Beveren,Freethielstadion,13290,Unknown Coach,27
28760,SK Austria Klagenfurt,Wörtherseestadion,32000,Peter Pacult,24
288,Club Estudiantes de La Plata,Jorge Luis Hirschi,32530,Unknown Coach,32
28844,Al-Taawoun Football Club,Al-Taawoun Club Stadium,5961,Unknown Coach,28
28893,Puszcza Niepolomice,Stadion Miejski w Niepołomicach,2500,Tomasz Tulacz,22
289,Sunderland AFC,Stadium of Light,48707,Régis Le Bris,31
28956,AEL Kalloni,Stadio Mytilinis,4000,Unknown Coach,0
29,Everton FC,Hill Dickinson Stadium,52769,David Moyes,23
290,AJ Auxerre,Stade de l'Abbé-Deschamps,18541,Christophe Pélissier,31
2919,AC Monza,Brianteo,17102,Alessandro Nesta,29
2921,Delfino Pescara 1936,Adriatico,20476,Unknown Coach,28
29228,Royal Excel Mouscron (-2022),Le Canonnier,10830,Unknown Coach,0
294,SL Benfica,Estádio da Luz,68100,Bruno Lage,30
2944,Ankaraspor,Osmanlı Stadı,19626,Unknown Coach,30
2969,Dijon FCO,Stade Gaston-Gérard,16098,Unknown Coach,29
29700,AFC Unirea 04 Slobozia,1 Mai,6000,Andrei Prepeliță,23
29831,FCV Farul Constanta,Central - Complex Gheorghe Hagi,4554,Ianis Zicu,42
2990,Académica Coimbra,Estádio Cidade de Coimbra,29744,Unknown Coach,26
2995,FC Paços de Ferreira,Estádio Capital do Móvel,9076,Unknown Coach,32
2996,Incheon United Football Club,Incheon Football Stadium,20356,Unknown Coach,34
2999,Hamilton Academical FC,Fountain of Youth Stadium,6018,Unknown Coach,28
3,1.FC Köln,RheinEnergieSTADION,50000,Lukas Kwasniok,28
3008,Hull City,MKM Stadium,25586,Unknown Coach,28
301,FCSB,Arena Națională,55634,Elias Charalambous,25
30120,Athlitiki Enosi Kifisias,Gipedo Neapolis,4999,Unknown Coach,35
3057,Standard Liège,Maurice Dufrasne Stadion,27221,Mircea Rednic,27
306,SC Heerenveen,Abe Lenstra Stadion,27224,Robin Veldman,23
3060,APS Atromitos Athinon,Stadio Peristeriou,9050,Unknown Coach,30
3062,Athens Kallithea,Grigoris Lamprakis Stadium,6300,Massimo Donati,29
30925,Gwangju Football Club,Gwangju World Cup Stadium,39655,Unknown Coach,37
31,Liverpool FC,Anfield,61276,Arne Slot,29
31008,Al-Riyadh Saudi Club,Prince Turki bin Abdul Aziz Stadium,15000,Unknown Coach,28
311,Football Club Pohang Steelers,Pohang Steelyard,17443,Unknown Coach,35
312,FC Dinamo 1948,National Arena,55600,Zeljko Kopic,39
31284,Club Atlético Central Córdoba,Único Madre de Ciudades,30000,Unknown Coach,27
3137,FK TSC Backa Topola,TSC Arena,4500,Darije Kalezic,25
316,Grazer AK 1902,Merkur Arena,15322,Ferdinand Feldhofer,22
31622,Suwon FC,Suwon Sports Complex,11808,Eun-joong Kim,38
317,FC Twente Enschede,De Grolsch Veste,30205,Joseph Oosting,31
32041,Fortaleza CEIF,Parque Estadio Olaya Herrera,2500,Sebastián Oliveros,27
3205,Kayserispor,RHG Enertürk Enerji Stadyumu,31856,Markus Gisdol,26
3209,Pendikspor,Pendik Stadı,4105,Unknown Coach,30
321,FC Sion,Tourbillon,14850,Didier Tholot,32
32113,FK IMT Belgrad,Stadion Lagator,8500,Zoran Vasiljevic,36
3216,Mersin Talimyurdu SK,Mersin Stadyumu,25000,Unknown Coach,0
322,Yverdon Sport FC,Stade Municipal,4200,Alessandro Mangiarratti,30
32328,Al-Najma Sport Club,Department of Education Stadium,10000,Unknown Coach,29
324,Pogon Szczecin,Stadion Miejski im. Floriana Krygiera,21163,Robert Kolendowicz,33
3268,Casa Pia AC,Estádio Municipal de Rio Maior,7000,João Pereira,23
327,NK Osijek,Opus Arena,13005,Simon Rozman,32
33,FC Schalke 04,Veltins-Arena,62271,Unknown Coach,27
330,Clube Atlético Mineiro,Arena MRV,44892,Unknown Coach,33
3302,UD Almería,Power Horse Stadium,18331,Unknown Coach,24
331,CA Osasuna,El Sadar,23576,Alessio Lisci,20
3325,GD Chaves,Estádio Municipal Eng.º Manuel Branco Teixeira,8396,Unknown Coach,29
3327,FC Penafiel,Estádio Municipal 25 de Abril,5230,Unknown Coach,28
3329,FC Famalicão,Estádio Municipal de Famalicão,5186,Hugo Oliveira,26
333,Club Atlético Lanús,Ciudad de Lanús - Néstor Díaz Pérez,46619,Unknown Coach,29
33328,FK Radnik Surdulica,Gradski stadion Surdulica,3312,Marko Jaksic,29
3336,Desportivo Aves (- 2020),Estádio CD das Aves,5441,Unknown Coach,0
3349,CD Feirense,Estádio Marcolino de Castro,5401,Unknown Coach,24
336,Sporting CP,Estádio José Alvalade,52095,Rui Borges,30
3368,Levante UD,Ciutat de València,26354,Julián Calero,22
338,Dynamo Kyiv,Valeriy Lobanovsky Stadion,16873,Oleksandr Shovkovskyi,42
3385,Panserraikos Serres,Dimotiko Gipedo Serron,9500,Unknown Coach,34
339,Dnipro Dnipropetrovsk (-2020),Meteor,24381,Unknown Coach,0
33966,ACSM Politehnica Iasi,Emil Alexandrescu,11481,Tony,24
3426,Esbjerg fB,Blue Water Arena,16942,Unknown Coach,27
347,FC Metz,Stade Saint-Symphorien,28786,Stéphane Le Mignan,22
34911,Neom Sports Club,King Khalid Sport City Stadium,12000,Unknown Coach,29
35,FC St. Pauli,Millerntor-Stadion,29546,Alexander Blessin,28
350,Sheffield United,Bramall Lane,32702,Unknown Coach,28
3508,Zulte Waregem,Elindus Arena,12698,Sven Vandenbroeck,26
3522,Spezia Calcio,Alberto Picco,11676,Unknown Coach,32
3524,Clermont Foot 63,Stade Gabriel-Montpied,10800,Unknown Coach,30
3527,Motor Lublin Spółka Akcyjna,Motor Lublin Arena,15247,Unknown Coach,31
353,Lillestrøm Sportsklubb,Åråsen stadion,11637,Unknown Coach,27
3535,Ulsan Hyundai Football Club,Ulsan Munsu Football Stadium,44474,Unknown Coach,34
354,KV Mechelen,Achter de Kazerne,16672,Frederik Vanderbiest,29
3551,Sportclub Rheindorf Altach,Schnabelholz,8500,Unknown Coach,27
3558,GFC Ajaccio,Stade Ange-Casanova,4050,Unknown Coach,5
35759,Bucheon Football Club 1995,Bucheon Sports Complex,35000,Unknown Coach,36
3592,Kryvbas Kryvyi Rig,Girnyk,3219,Patrick van Leeuwen,18
36,Fenerbahce,Chobani Stadyumu FB Şükrü Saracoğlu Spor Kompleksi,47430,José Mourinho,44
3609,Rotor Volgograd,Volgograd Arena,45568,Unknown Coach,27
36100,Western Sydney Wanderers,CommBank Stadium,30000,Alen Stajcic,28
3622,IFK Värnamo,Finnvedsvallen,5000,Anes Mravac,22
3631,CF América,Estadio Azteca,87523,André Jardine,29
3641,Degerfors IF,Stora Valla,5880,Unknown Coach,25
3654,Kalmar Fotbollförening,Guldfågeln Arena,12182,Unknown Coach,27
366,Real Valladolid CF,José Zorrilla,27618,Paulo Pezzolano,28
367,Rayo Vallecano,Estadio de Vallecas,14708,Iñigo Pérez,24
368,Sevilla FC,Ramón Sánchez-Pizjuán,43883,Matías Almeyda,27
369,Lyngby Boldklub,Lyngby Stadion,10000,Morten Karlsen,25
3690,SKA Khabarovsk,Lenin Stadion,15200,Unknown Coach,27
3691,Tom Tomsk,Trud,10028,Unknown Coach,0
36922,FK Tekstilac Odzaci,Gradski stadion Odžaci,1500,Branko Mirjacic,32
370,Aberdeen FC,Pittodrie Stadium,20866,Jimmy Thelin,30
3709,Getafe CF,Coliseum,16800,José Bordalás,22
371,Celtic FC,Celtic Park,60411,Brendan Rodgers,30
3711,CD Cruz Azul,Estadio Olímpico Universitario,62700,Nicolás Larcamón,24
3714,Enisey Krasnoyarsk,Zentralstadion Krasnoyarsk,15000,Unknown Coach,26
3719,FC Khimki (-2025),Arena Khimki,18636,Franc Artiga,0
3725,RFK Akhmat Grozny,Akhmat-Arena,30200,Unknown Coach,27
37255,FK Csikszereda Miercurea Ciuc,Municipal Miercurea Ciuc,2480,Robert Ilyes,29
3729,Arsenal Tula,Arsenal,19241,Unknown Coach,27
3734,Tokyo Verdy,Ajinomoto Stadium,49970,Unknown Coach,35
37624,FC Metaloglobus Bucharest,Clinceni Arena,4500,Mihai Teja,20
377,FC Baník Ostrava a.s.,Městský stadion  - Vitkovice Aréna,15123,Unknown Coach,29
379,West Ham United,London Stadium,62500,Graham Potter,27
38,Fortuna Düsseldorf,MERKUR SPIEL-ARENA,54600,Unknown Coach,29
380,US Salernitana 1919,Arechi,29739,Unknown Coach,30
3828,Yokohama Marinos,NISSAN Stadium,72327,Unknown Coach,34
383,PSV Eindhoven,Philips Stadion,35000,Peter Bosz,27
3837,Fredrikstad Fotballklubb,Fredrikstad Stadion,12560,Unknown Coach,26
3840,Adana Demirspor,Yeni Adana Stadyumu,30960,Hikmet Karaman,24
385,Fortuna Sittardia Combinatie,Fortuna Sittard Stadion,12800,Unknown Coach,28
38628,Llaneros FC,Estadio Bello Horizonte,15000,Martín Cardetti,26
3876,Mirasol Futebol Clube,Estádio Municipal José María de Campos Maia,14534,Unknown Coach,32
38898,Football Club Anyang,Anyang Sports Complex Stadium,25000,Unknown Coach,36
39,1.FSV Mainz 05,Mewa Arena,33305,Bo Henriksen,30
3901,RAAL La Louvière,Easi Arena,8050,Frédéric Taquin,29
39097,Obolon Kyiv,Obolon-Arena,5103,Oleksandr Antonenko,24
3911,Stade Brestois 29,Stade Francis-Le Blé,15220,Éric Roy,19
3938,Club Atlético Talleres,Mario Alberto Kempes,57000,Unknown Coach,32
3948,Union Saint-Gilloise,Stade Joseph Mariën,9512,Sébastien Pocognoli,31
39536,Al-Orobah FC,Al-Orobah Club Stadium,3000,Álvaro Pacheco,25
3958,Rakuten Vissel Kobe,NOEVIR Stadium Kobe,30132,Unknown Coach,42
39722,Erzurumspor FK,Erzurum Kazım Karabekir,23700,Unknown Coach,28
398,Società Sportiva Lazio S.p.A.,Olimpico di Roma,70634,Unknown Coach,28
399,Leeds United,Elland Road,37890,Daniel Farke,29
3999,PAS Lamia 1964,"Stadio Lamia ""Athanasios Diakos""",5500,Marinos Satsias,28
4,1.FC Nuremberg,Max-Morlock-Stadion,50000,Unknown Coach,33
40,FC Girondins Bordeaux,Matmut Atlantique,42115,Unknown Coach,26
4000,Lechia Gdansk,Polsat Plus Arena Gdańsk,41620,John Carver,20
40058,New York City Football Club,Yankee Stadium,30321,Unknown Coach,33
40188,Atlético de San Luis,Estadio Alfonso Lastras Ramírez,27029,Guillermo Abascal,29
403,Willem II Tilburg,Koning Willem II Stadion,14700,Peter Maes,26
4035,CF Pachuca,Estadio Hidalgo,30000,Jaime Lozano,20
40426,FC Tosno (-2018),Petrovsky,20985,Unknown Coach,0
405,Aston Villa,Villa Park,43205,Unai Emery,29
4078,Club de Foot Montréal,Stade Saputo,20801,Unknown Coach,28
40812,Universitatea Craiova,Ion Oblemenco (2017),30983,Mirel Rădoi,33
4083,FC Crotone,Ezio Scida,16640,Unknown Coach,25
409,Fußballclub Red Bull Salzburg,Red Bull Arena Salzburg,30188,Unknown Coach,30
41,Hamburger SV,Volksparkstadion,57000,Merlin Polzin,26
410,Udinese Calcio,Bluenergy Stadium,25144,Kosta Runjaić,39
4102,AC Carpi,Sandro Cabassi,5510,Unknown Coach,25
41201,PFK Tambov (-2021),Mordovia Arena,44149,Unknown Coach,0
41231,FK Sochi,Fisht Olympic Stadium,45994,Unknown Coach,28
41274,Beerschot VA,Olympisch Stadion,12771,Dirk Kuyt,32
41278,ACSC FC Arges,Orășenesc Mioveni,10000,Bogdan Andone,29
4128,Amkar Perm,Zvezda,17000,Unknown Coach,26
413,LASK,Raiffeisen Arena,19080,João Sacramento,26
415,FC Toulouse,Stadium Municipal,33150,Carles Martínez,24
416,Torino FC,Olimpico Grande Torino,28177,Marco Baroni,27
417,OGC Nice,Allianz Riviera,36178,Franck Haise,27
4171,Benevento Calcio,Ciro Vigorito,16867,Unknown Coach,31
4172,Pisa Sporting Club,Cetilar® Arena,12508,Alberto Gilardino,35
418,Real Madrid,Santiago Bernabéu,83186,Xabi Alonso,30
419,GNK Dinamo Zagreb,Maksimir,35123,Unknown Coach,33
42,Hannover 96,Heinz-von-Heiden-Arena,49000,Unknown Coach,28
428,Górnik Zabrze,Arena Zabrze,28236,Michal Gasparik,37
4284,Sporting Kansas City,Sporting Park,21000,Unknown Coach,25
4291,Portland Timbers,Providence Park,25218,Unknown Coach,26
4294,SC Farense,Estádio de São Luís,7000,José Mota,32
43,Heart of Midlothian FC,Tynecastle Park,19852,Derek McInnes,36
430,ACF Fiorentina,Artemio Franchi,43147,Stefano Pioli,36
4309,Hamarkameratene,Briskeby Stadion,6608,Unknown Coach,27
432,Chicago Fire Soccer Club,Soldier Field,61500,Unknown Coach,29
434,FC Luzern,swissporarena,15680,Mario Frick,26
44,Hertha BSC,Olympiastadion Berlin,74667,Unknown Coach,36
44006,Bodrum FK,Bodrum İlçe Stadyumu,4243,İsmet Taşdemir,31
441,Apollon Smyrnis,Stadio Neas Smyrnis,11700,Unknown Coach,27
443,Vejle Boldklub,Vejle Stadion,11060,Ivan Prelec,28
4441,Wolfsberger AC,Lavanttal-Arena,7300,Dietmar Kühbauer,26
4467,TSV Hartberg,Profertil Arena Hartberg,5024,Manfred Schmid,19
447,HNK Hajduk Split,Poljud,34183,Gonzalo García,38
448,FK Vojvodina Novi Sad,Stadion Karadjordje,14852,Miroslav Tanjga,42
4482,Volyn Lutsk,Stadion Avangard,12080,Unknown Coach,0
449,Trabzonspor,Papara Park,41000,Fatih Tekke,39
450,FK Dukla Prague,Stadion Juliska,8150,David Holoubek,32
452,BSC Young Boys,Stadion Wankdorf,31500,Giorgio Contini,31
455,FC Rapid 1923,Superbet Arena - Giulești,14050,Constantin Gâlcă,36
456,HNK Vukovar 1991,Gradski Stadion u Borovu naselju,6000,Gordon Schildenfeld,13
45604,Orlando City Soccer Club,Inter&Co Stadium,25500,Unknown Coach,26
458,Palermo FC,"Comunale Renzo Barbera ""La Favorita""",36365,Unknown Coach,28
46,Inter Milan,Giuseppe Meazza,75923,Cristian Chivu,25
4603,Athlitiki Enosi Larisas,AEL Novibet Arena,16118,Unknown Coach,30
4633,FK Novi Pazar,Gradski stadion Novi Pazar,6900,Vladimir Gacinovic,22
4645,FK Radnicki 1923 Kragujevac,Čika Dača Stadion,15100,Fedja Dudic,35
465,St. Mirren FC,The SMISA Stadium,7937,Stephen Robinson,25
467,NEC Nijmegen,Goffertstadion,12650,Dick Schreuder,25
468,Sparta Rotterdam,Sparta-stadion - Het Kasteel,10599,Maurice Steijn,23
47,Iraklis Thessaloniki,Kaftanzoglio Stadio,27770,Unknown Coach,27
472,UD Las Palmas,Estadio de Gran Canaria,32400,Luis Carrión,27
475,Sint-Truidense VV,Daio Wasabi Stayen Stadium,11337,Wouter Vrancken,23
4750,SC Olhanense,Estádio José Arcanjo,10080,Unknown Coach,10
4795,FC Ingolstadt 04,Audi Sportpark,15800,Unknown Coach,28
48332,Kolos Kovalivka,Kolos,5050,Ruslan Kostyshyn,29
48726,Rukh Lviv,Arena Lviv,34725,Ivan Fedyk,10
49283,FC Juárez,Estadio Olímpico Benito Juárez,22300,Martín Varini,28
49364,Ingulets Petrove,Stadion Ingulets,1869,Vasyl Kobin,30
4941,Club León FC,Nou Camp,33943,Eduardo Berizzo,28
4959,SC Otelul Galati,Oţelul,13500,Stjepan Tomas,26
496,Malmö Fotbollförening,Eleda Stadion,22500,Unknown Coach,34
4961,Querétaro FC,Estadio La Corregidora,34107,Benjamín Mora,25
49702,FK Nizhny Novgorod,Nizhny Novgorod Stadium,44242,Unknown Coach,29
498,KSC Lokeren (- 2020),Daknamstadion,12000,Unknown Coach,0
499,Vitesse Arnhem,GelreDome,21248,Unknown Coach,25
5,AC Milan,Giuseppe Meazza,75923,Massimiliano Allegri,32
501,Fotballklubben Bodø/Glimt,Aspmyra Stadion,8500,Unknown Coach,26
504,Grasshopper Club Zurich,Stadion Letzigrund,26104,Gerald Scheiblehner,30
50531,Al-Fayha FC,Al-Majma'ah Sports City,7000,Unknown Coach,29
50532,Damac Football Club,Damac Club Stadium,5000,Unknown Coach,29
506,Juventus FC,Allianz Stadium,41507,Igor Tudor,29
511,Dundee FC,Kilmac Stadium at Dens Park,11850,Steven Pressley,19
512,Stoke City,bet365 Stadium,30089,Unknown Coach,24
51663,Atlanta United Football Club,Mercedes-Benz Stadium,73019,Unknown Coach,26
51772,Football Club Cincinnati,TQL Stadium,26000,Unknown Coach,28
51828,Los Angeles Football Club,BMO Stadium,22000,Unknown Coach,26
520,Cercle Brugge,Jan Breydelstadion,29062,Onur Cinel,24
5202,Västerås Sportklubb FK,Hitachi Energy Arena,9100,Unknown Coach,27
5219,AOK Kerkyra,Ethniko Stadio Kerkyras,3000,Unknown Coach,8
5220,GS Ergotelis,Pankritio Stadio,25780,Unknown Coach,3
524,Gaziantepspor (- 2020),Gaziantep Stadyumu,33502,Unknown Coach,0
527,Football Club Lausanne-Sport,Stade de la Tuilière,12544,Unknown Coach,27
53,OFK Beograd,Omladinski stadion,19000,Simo Krunic,36
533,TSG 1899 Hoffenheim,PreZero Arena,30150,Christian Ilzer,36
5358,SD Huesca,El Alcoraz,9128,Unknown Coach,24
53646,FK Polissya Zhytomyr,Tsentralnyi Polissya,5928,Unknown Coach,31
537,S. A. F. Botafogo,Estádio Olímpico Nilton Santos,46931,Unknown Coach,34
54189,RWD Molenbeek,Edmond Machtensstadion,8090,Unknown Coach,23
543,Wolverhampton Wanderers,Molineux Stadium,31750,Vítor Pereira,32
54585,Sepsi OSK Sf. Gheorghe,Sepsi Duna Arena,8400,Bernd Storck,31
553,Ionikos Nikeas,Dimotiko Gipedo Neapolis,5500,Unknown Coach,17
5544,1.FC Slovacko,Městský fotbalový stadion Miroslava Valenty,8000,Jan Kamenik,25
5545,FC Zlin,Stadion Letná,5898,Bronislav Cervenka,28
5546,FK Mlada Boleslav,Lokotrans Arena,5000,Ales Majer,28
5551,Newcastle United Jets,McDonald Jones Stadium,33000,Mark Milligan,22
55686,TOV FK Metalist 1925 Kharkiv,Tsentralnyi Polissya,5928,Unknown Coach,31
5572,Niki Volou,Panthessaliko Stadio,22700,Unknown Coach,26
56089,Minnesota United FC,Allianz Field,19600,Unknown Coach,29
5619,Aalesunds Fotballklubb,Color Line Stadion,10778,Unknown Coach,26
566,Beerschot AC,Olympisch Stadion,12771,Unknown Coach,0
5662,Puebla FC,Estadio Cuauhtémoc,48000,Pablo Guede,28
5689,Cracovia,Stadion Cracovii im. Józefa Piłsudskiego,15016,Luka Elsner,25
5724,Randers FC,Cepheus Park Randers,10300,Rasmus Bertelsen,28
5776,FC Fredericia,Monjasa Park,6000,Stig Pedersen,21
58,RSC Anderlecht,Lotto Park,21900,Besnik Hasi,27
58049,FC Hermannstadt,Municipal Sibiu (2022),12363,Marius Măldărășanu,24
5817,Sönderjyske Fodbold,AL Sydbank Park,10021,Thomas Nørgaard,26
5818,Hobro IK,DS Arena,7500,Unknown Coach,22
583,Paris Saint-Germain,Parc des Princes,48583,Luis Enrique,27
585,São Paulo Futebol Clube,MorumBIS,72039,Unknown Coach,42
589,Antalyaspor,Corendon Airlines Park Antalya Stadı,29307,Emre Belözoğlu,29
593,Kyoto Purple Sanga,Sanga Stadium by KYOCERA,21600,Unknown Coach,36
59358,FK Zeleznicar Pancevo,SC Mladost Pančevo,4000,Radomir Kokovic,37
595,SC Bastia,Stade Armand-Cesari,16480,Unknown Coach,25
596,Gamba Osaka,PANASONIC Stadium Suita,39694,Unknown Coach,32
599,NK Varazdin,Gradski stadion Andelko Herjavec,10800,Nikola Safaric,31
6,Adanaspor,Yeni Adana Stadyumu,33000,Unknown Coach,10
60,SC Freiburg,Europa-Park Stadion,34700,Julian Schuster,30
601,KV Kortrijk,Guldensporenstadion,8974,Freyr Alexandersson,27
603,Cardiff City,Cardiff City Stadium,33280,Unknown Coach,28
605,Aris Thessalonikis,"Gipedo ""Kleanthis Vikelidis""",22800,Unknown Coach,32
60551,SC Dnipro-1,Dnipro-Arena,31003,Unknown Coach,0
607,Venezia FC,Pier Luigi Penzo,12048,Eusebio Di Francesco,29
6070,Al-Khaleej Club (Saihat),Prince Mohamed bin Fahd Stadium,22042,Unknown Coach,27
609,Cruzeiro Esporte Clube,Estádio Governador Magalhães Pinto,61927,Unknown Coach,30
60949,Volou Neos Podosferikos Syllogos,Panthessaliko Stadio,22700,Unknown Coach,29
61,Servette FC,Stade de Genève,30084,Thomas Häberli,36
610,Ajax Amsterdam,Johan Cruijff ArenA,55885,John Heitinga,26
6107,Morski Związkowy Klub Sportowy Arka Gdynia Spółka Akcyjna,Stadion GOSiR,15139,Unknown Coach,28
6110,Korona Kielce,Exbud Arena,15700,Jacek Zieliński,30
6112,Piast Gliwice,Stadion Miejski - Gliwice,9736,Max Mölder,28
614,Clube de Regatas do Flamengo,Estádio Jornalista Mário Filho,82238,Unknown Coach,28
618,AS Saint-Étienne,Stade Geoffroy-Guichard,41965,Olivier Dall'Oglio,29
61825,FC Minaj,Minaj-Arena,1312,Unknown Coach,25
6195,SSC Napoli,Diego Armando Maradona,54726,Antonio Conte,41
62,SK Slavia Prague,Fortuna Arena,19370,Jindrich Trpisovsky,41
621,Athletic Bilbao,San Mamés,53289,Ernesto Valverde,32
623,Red Bull New York,Sports Illustrated Stadium,25000,Unknown Coach,30
626,New England Revolution,Gillette Stadium,68756,Unknown Coach,26
63007,LNZ Cherkasy,Cherkasy-Arena,10321,Vitaliy Ponomaryov,29
631,Chelsea FC,Stamford Bridge,41631,Enzo Maresca,38
6321,Vancouver Whitecaps FC,BC Place,54500,Unknown Coach,27
63966,Nashville SC,GEODIS Park,30000,Unknown Coach,28
6399,Sandefjord Fotball,Jotun Arena,8000,Unknown Coach,20
641,Middlesbrough FC,Riverside Stadium,33746,Unknown Coach,25
6414,Metalist Kharkiv (- 2016),OSK Metalist,38685,Unknown Coach,0
6418,Panetolikos Agrinio,Gipedo Panetolikou,7321,Unknown Coach,34
642,De Graafschap Doetinchem,"Stadion ""De Vijverberg""",12600,Unknown Coach,30
6429,FC Universitatea Cluj,Cluj Arena,30246,Ovidiu Sabău,40
6456,GKS GieKSa Katowice Spółka Akcyjna,Arena Katowice,15048,Unknown Coach,33
6495,Atlético Bucaramanga,Estadio Américo Montanini,28000,Rafael Dudamel,23
6499,Foundation Coorperation Hana Financial Group Inc. Football Club,Daejeon World Cup Stadium,42176,Unknown Coach,35
65,SpVgg Greuther Fürth,Sportpark Ronhof | Thomas Sommer,16626,Unknown Coach,28
6500,Football Club Seoul,Seoul World Cup Stadium,66704,Unknown Coach,30
6502,Jeonbuk Hyundai Motors,Jeonju World Cup Stadium,50000,Unknown Coach,50
6504,Daegu FC,Daegu iM Bank Park,12415,Chang-hyeon Park,40
6505,Gimcheon Sangmu Football Club,Gimcheon Sports Complex,25000,Unknown Coach,36
653,Omilos Filathlon Irakliou FC,Pankritio Stadio,25780,Unknown Coach,31
6574,US Sassuolo,Mapei Stadium - Città del Tricolore,21584,Fabio Grosso,40
660,FC Shakhtar Donetsk,Arena Lviv,34725,Unknown Coach,34
6600,Sport Club Internacional,Estádio Beira-Rio,50848,Unknown Coach,32
6621,FK Cukaricki,Stadion Cukaricki,4070,Milan Lesnjak,36
6622,FK Mladost Lucani,SRC Mr Radoš Milovanović,5944,Mladen Dodic,36
6631,Tokyo Football Club,AJINOMOTO Stadium,49970,Unknown Coach,29
6632,Hitachi Kashiwa Reysol,SANKYO FRONTIER Kashiwa Stadium,15349,Unknown Coach,39
6643,Real Salt Lake,America First Field,20213,Unknown Coach,35
6646,Fatih Karagümrük,Atatürk Olimpiyat,77563,Marcel Lička,24
667,RC Strasbourg Alsace,Stade de la Meinau,32000,Liam Rosenior,34
6676,A.G.S Asteras Tripolis,Gipedo Theodoros Kolokotronis,7423,Unknown Coach,29
669,FK Partizan Belgrade,Partizan Stadium,32712,Srdjan Blagojevic,44
6711,Deportivo Guadalajara,Estadio Akron,49580,Gabriel Milito,28
672,JEF United,Fukuda Denshi Arena,19781,Unknown Coach,34
677,Ipswich Town,Portman Road,30056,Kieran McKenna,26
678,Aarhus GF,Ceres Park Vejlby,12000,Jakob Poulsen,27
679,Clube Atlético Paranaense,Estádio Mário Celso Petraglia,42372,Unknown Coach,33
681,Real Sociedad,Anoeta,40000,Sergio Francisco,28
683,Olympiakos Syndesmos Filathlon Peiraios,Stadio Georgios Karaiskakis,33345,Unknown Coach,29
68608,CF Os Belenenses,Estádio do Restelo,19980,Unknown Coach,30
687,Molde Fotballklubb,Aker Stadion,11800,Unknown Coach,29
6890,Basaksehir FK,Başakşehir Fatih Terim,17067,Çağdaş Atan,45
6894,Kayseri Erciyesspor,Kayseri Atatürk Spor Kompleksi Yan Açık Saha,2000,Unknown Coach,0
6912,FC Vizela,Estádio do Vizela,6565,Unknown Coach,27
69261,Club Internacional de Fútbol Miami,Nu Stadium,26700,Unknown Coach,27
6954,Central Coast Mariners,Polytec Stadium,20059,Mark Jackson,21
697,FC Slovan Liberec,Stadion U Nisy,9900,Radoslav Kovac,34
6984,Once Caldas,Estadio Palogrande,28678,Hernán Herrera,26
6992,Chornomorets Odesa,Stadion Chornomorets (2011),34164,Oleksandr Babych,28
6993,FK Mariupol,Stadion im. Volodymyra Boyko,12680,Unknown Coach,0
6994,Metalurg Zaporizhya (-2016),Slavutych Arena,11883,Unknown Coach,0
6996,Goverla Uzhgorod (- 2016),Avangard,10640,Unknown Coach,0
7006,Melbourne Victory,AAMI Park,30050,Arthur Diles,25
7009,Göteborgs Atlet- och Idrottssällskap,Gamla Ullevi,18454,Unknown Coach,31
703,Nottingham Forest,The City Ground,30404,Nuno Espírito Santo,27
7055,Tigres UANL,Estadio Universitario,41886,Guido Pizarro,24
7097,Club Atlético Unión,15 de Abril,27358,Unknown Coach,22
71084,Western United FC,Ironbark Fields,5000,John Aloisi,0
71085,Macarthur FC,Campbelltown Stadium,20000,Mile Sterjovski,21
7136,Envigado FC,Estadio Polideportivo Sur,14000,Alexis Márquez,27
714,RCD Espanyol Barcelona,RCDE Stadium,37776,Manolo González,28
715,"Bohemians Praha 1905, a.s.",Ďolíček,6300,Unknown Coach,27
7154,Radomiak Radom,Stadion im. Braci Czachorów,14440,João Henriques,27
7160,Eyüpspor,Recep Tayyip Erdoğan Stadyumu,13797,Selçuk Şahin,22
71665,Al-Okhdood Club,Prince Hathloul bin Abdulaziz Sports City Stadium,12000,Unknown Coach,27
7179,CD Tondela,Estádio João Cardoso,5000,Ivo Vieira,24
7185,Panthrakikos Komotini,Stadio Komotinis OPAP,5601,Unknown Coach,29
71985,Akron Togliatti,Samara-Arena,44918,Unknown Coach,24
720,FC Porto,Estádio do Dragão,50033,Francesco Farioli,29
723,Almere City FC,Yanmar Stadion,4501,Hedwiges Maduro,27
72309,Austin FC,Q2 Stadium,20738,Unknown Coach,25
724,FC Volendam,Kras Stadion,6800,Rick Kruys,25
7378,Portimonense SC,Estádio Municipal de Portimão,4961,Unknown Coach,35
738,Le Havre AC,Stade Océane,25178,Didier Digard,20
749,FC Empoli,Carlo Castellani,19847,Roberto D'Aversa,33
750,FC Sochaux-Montbéliard,Stade Auguste-Bonal,20005,Unknown Coach,29
75231,Dinamo Makhachkala,Anzhi-Arena,24173,Unknown Coach,26
7567,FK Radnicki Nis,Stadion Čair,18151,Slavko Matic,34
759,Slask Wroclaw,Tarczyński Arena Wrocław,42771,Jacek Magiera,31
76,Vålerengens Idrettsforening,Intility Arena,16556,Unknown Coach,26
762,Newcastle United,St James' Park,52258,Eddie Howe,25
7633,UNAM Pumas,Estadio Olímpico Universitario,62700,Efraín Juárez,28
7732,Al-Ettifaq Football Club,EGO Stadium,15000,Unknown Coach,27
776,Coritiba Foot Ball Club,Estádio Major Antônio Couto Pereira,40502,Unknown Coach,32
7769,CFR Cluj,Dr. Constantin Rădulescu,22198,Dan Petrescu,43
7775,Hatayspor,Sarıseki Fuat Tosyalı Spor Kompleksi,9800,Özhan Pulat,34
7831,Brisbane Roar,Suncorp Stadium,52500,Michael Valkanis,19
78435,Charlotte Football Club,Bank of America Stadium,75412,Unknown Coach,29
788,FK Napredak Krusevac,Stadion Mladost,10331,Milan Nikolic,32
79,VfB Stuttgart,MHPArena Stuttgart,60449,Sebastian Hoeneß,33
7945,IK Sirius,Studenternas,11167,Unknown Coach,25
798,Excelsior Rotterdam,"Stadion ""Woudestein""",4400,Ruben den Uil,21
80,VfL Bochum,Vonovia Ruhrstadion,26000,Peter Zeidler,29
800,Atalanta BC,New Balance Arena - Bergamo,24950,Ivan Jurić,31
801,Idrottsföreningen Kamraterna Göteborg,Gamla Ullevi,18454,Unknown Coach,25
8023,Al-Ittihad Football Club,King Abdullah Sports City,62345,Unknown Coach,33
8024,FC Arouca,Estádio Municipal de Arouca,5000,Vasco Seabra,28
8054,Sydney FC,Allianz Stadium Sydney,45500,Ufuk Talay,27
813,Columbus Crew,ScottsMiracle-Gro Field,20011,Unknown Coach,29
814,FK Teplice,Aréna Na Stínadlech,17078,Zdenko Frtala,32
81401,SC Poltava,Vorskla Butovsky Stadion,24600,Volodymyr Sysenko,17
8172,Atlético Nacional,Estadio Atanasio Girardot,45943,Pablo Repetto,24
82,VfL Wolfsburg,Volkswagen Arena,28917,Paul Simonis,39
820,Gençlerbirliği Spor Kulübü,Eryaman Stadyumu,20000,Unknown Coach,33
825,Eskisehirspor,Eskişehir Yeni Stadyum,34930,Unknown Coach,41
826,RC Lens,Stade Bollaert-Delelis,38223,Pierre Sage,30
82686,St. Louis City Soccer Club,Energizer Park,22500,Unknown Coach,26
82696,Mazatlán FC,Estadio de Mazatlán,25000,Robert Siboldi,22
828,Urawa Red Diamonds,Saitama Stadium 2002,63700,Unknown Coach,29
830,Club Atlético Banfield,Florencio Sola,34901,Unknown Coach,28
833,Denizlispor,Denizli Atatürk Stadı,18745,Unknown Coach,27
8344,Albirex Niigata,Denka Big Swan Stadium,42300,Rikizo Matsuhashi,32
83678,Metalist Kharkiv,Avangard,10640,Unknown Coach,25
84122,Epicentr Kamyanets-Podilskyi,Stadion im. G. Tonkocheyeva,2587,Sergiy Nagornyak,26
8445,Wellington Phoenix,Hnry Stadium,36000,Giancarlo Italiano,18
8457,Shonan Bellmare,Lemongas Stadium Hiratsuka,15690,Satoshi Yamaguchi,34
85465,Karpaty Lviv,Ukraina,28051,Fran Fernández,27
855,EA Guingamp,Stade du Roudourou,18120,Unknown Coach,27
8590,Atlas Guadalajara,Estadio Jalisco,56713,Gonzalo Pineda,26
86,SV Werder Bremen,Weserstadion,41800,Horst Steffen,31
862,Chievo Verona,Marcantonio Bentegodi,31045,Unknown Coach,0
86209,Livyi Bereg Kyiv,Arena Livyi Bereg,4700,Vitaliy Pervak,30
865,FC Midtjylland,MCH Arena,12055,Thomas Thomasberg,32
868,MKE Ankaragücü,Eryaman Stadyumu,20672,Unknown Coach,34
8718,Sport Club do Recife,Estádio Adelmar da Costa Carvalho,35000,Mariano Soso,29
873,Crystal Palace,Selhurst Park,25486,Oliver Glasner,31
875,Adelaide United,Coopers Stadium,16500,Airton Andrioli,29
87883,FC Kudrivka,Stadion Avangard (2022),7122,Vasyl Baranov,24
8793,Red Bull Bragantino,Estádio Municipal Cicero De Souza Marques,12000,Unknown Coach,39
88,Widzew Lodz,Stadion Widzewa,18018,Zeljko Sopic,30
8816,FC Dallas,Toyota Stadium,20500,Unknown Coach,35
8818,FC Botosani,Municipal Botoșani,7782,Leontin Grozavu,30
8819,FK Javor-Matis Ivanjica,Stadion kraj Moravice,3000,Radovan Curcic,30
8838,Zirka Kropyvnytskyi,Zirka,14628,Unknown Coach,7
89,1.FC Union Berlin,Stadion An der Alten Försterei,22012,Steffen Baumgart,31
897,Deportivo de La Coruña,Abanca Riazor,32912,Unknown Coach,24
8970,Frosinone Calcio,Benito Stirpe,16227,Unknown Coach,31
9007,Arsenal Kyiv,NSK Olimpisky,70050,Unknown Coach,0
9010,FCV Dender EH,Dender Football Complex,8548,Vincent Euvrard,20
903,Hibernian FC,Easter Road Stadium,20250,David Gray,27
9131,Al-Hazem Sport Club,Al-Hazem Club Stadium,8000,Unknown Coach,28
91427,Al-Kholood Club,Al-Hazem Club Stadium,8000,Unknown Coach,28
9168,Houston Dynamo,Shell Energy Stadium,22039,Unknown Coach,27
924,Istanbulspor,Esenyurt Necmi Kadıoğlu Stadyumu,4274,Unknown Coach,32
928,Club Atlético Platense,Ciudad de Vicente López,28530,Unknown Coach,32
931,Fulham FC,Craven Cottage,29589,Marco Silva,22
932,"Футбольный клуб ""Локомотив"" Москва",RZD Arena,27084,Unknown Coach,28
938,FC Thun,Visana Stadion,10014,Mauro Lustrinelli,25
940,Celta de Vigo,Abanca Balaídos,22803,Claudio Giráldez,29
941,FC Viktoria Plzen,Doosan Aréna,11700,Miroslav Koubek,31
943,Yokohama FC,NHK Spring Mitsuzawa Stadium,15454,Shuhei Yomoda,29
9465,Petrolul Ploiesti,Ilie Oană (2011),15073,Liviu Ciobotariu,32
952,UTA Arad,Francisc von Neumann (2020),12584,Dorin Stana,36
9597,Avispa Fukuoka,Best Denki Stadium,21562,Unknown Coach,38
9598,Kawasaki Frontale,Uvance Todoroki Stadium by Fujitsu,27495,Unknown Coach,33
9636,Seattle Sounders FC,Lumen Field,68740,Unknown Coach,28
964,AO FK Zenit Sankt-Peterburg,Gazprom Arena,63026,Unknown Coach,27
9644,Raków Częstochowa,zondacrypto Arena,5500,Marek Papszun,29
968,KVC Westerlo,Het Kuipje,9062,Issame Charaï,19
969,Montpellier HSC,Stade de la Mosson,22000,Michel Der Zakarian,23
970,Perth Glory,HBF Park,20500,David Zdrilic,27
976,CF União Madeira (-2021),Centro Desportivo da Madeira,2500,Unknown Coach,0
978,Club de Regatas Vasco da Gama,Estádio São Januário,24584,Unknown Coach,32
979,Moreirense FC,Estádio C. J. de Almeida Freitas,6150,António da Costa,24
9811,Deportivo Pereira,Santiago de las Atalayas,0,Luis Fernando Suárez,24
982,CD Nacional,Estádio da Madeira,5200,Tiago Margarido,28
984,West Bromwich Albion,The Hawthorns,26850,Unknown Coach,25
9840,Al-Shabab Club,SHG Arena,15000,Unknown Coach,31
985,Manchester United,Old Trafford,74879,Rúben Amorim,32
987,Motherwell FC,Fir Park,13677,Jens Berthel Askou,23
989,AFC Bournemouth,Vitality Stadium,11307,Andoni Iraola,30
993,Córdoba CF,Nuevo Arcángel,21822,Unknown Coach,24
995,FC Nantes,Stade de la Beaujoire,35322,Luís Castro,26
9961,Deportivo Cali,Estadio Deportivo Cali,52000,Hernán Torres,28
999,NK Istra 1961,Aldo Drosina,9056,Goran Tomic,32
32768,Gzira United FC,Unknown Stadium,0,Unknown Coach,25
1,1.FC Saarbrücken,Unknown Stadium,0,Unknown Coach,25
2,1.FC Kaiserslautern,Unknown Stadium,0,Unknown Coach,25
7,Al Ahly FC,Unknown Stadium,0,Unknown Coach,25
8,Alemannia Aachen,Unknown Stadium,0,Unknown Coach,25
9,PS Kalamata,Unknown Stadium,0,Unknown Coach,25
40977,Atlético Astorga,Unknown Stadium,0,Unknown Coach,25
21,Chemnitzer FC,Unknown Stadium,0,Unknown Coach,25
22,Derby County,Unknown Stadium,0,Unknown Coach,25
25,FC Energie Cottbus,Unknown Stadium,0,Unknown Coach,25
40979,CD Cayón,Unknown Stadium,0,Unknown Coach,25
30,FC Hansa Rostock,Unknown Stadium,0,Unknown Coach,25
49189,Cumbernauld Colts FC,Unknown Stadium,0,Unknown Coach,25
16425,DOS Kampen,Unknown Stadium,0,Unknown Coach,25
48,Karlsruher SC,Unknown Stadium,0,Unknown Coach,25
16430,Comoros,Unknown Stadium,0,Unknown Coach,25
52,MSV Duisburg,Unknown Stadium,0,Unknown Coach,25
107473,Atlético Palma del Río CF,Unknown Stadium,0,Unknown Coach,25
56,Rot-Weiss Essen,Unknown Stadium,0,Unknown Coach,25
57,Rot-Weiß Oberhausen,Unknown Stadium,0,Unknown Coach,25
63,Sportfreunde Siegen,Unknown Stadium,0,Unknown Coach,25
64,SV 07 Elversberg,Unknown Stadium,0,Unknown Coach,25
66,SpVgg Unterhaching,Unknown Stadium,0,Unknown Coach,25
32832,FK Riteriai,Unknown Stadium,0,Unknown Coach,25
68,SSV Reutlingen 05,Unknown Stadium,0,Unknown Coach,25
69,SSV Ulm 1846,Unknown Stadium,0,Unknown Coach,25
41029,CF Vimenor,Unknown Stadium,0,Unknown Coach,25
71,Stuttgarter Kickers,Unknown Stadium,0,Unknown Coach,25
72,TSV 1860 Munich,Unknown Stadium,0,Unknown Coach,25
77,Vardar Skopje,Unknown Stadium,0,Unknown Coach,25
78,VfB Lübeck,Unknown Stadium,0,Unknown Coach,25
81,VfL Osnabrück,Unknown Stadium,0,Unknown Coach,25
83,VfR Aalen,Unknown Stadium,0,Unknown Coach,25
84,Debreceni VSC,Unknown Stadium,0,Unknown Coach,25
85,SV Waldhof Mannheim,Unknown Stadium,0,Unknown Coach,25
82008,FK Sochi (bis 2017),Unknown Stadium,0,Unknown Coach,25
90,SV Babelsberg 03,Unknown Stadium,0,Unknown Coach,25
91,Preußen Münster,Unknown Stadium,0,Unknown Coach,25
92,SC Fortuna Köln,Unknown Stadium,0,Unknown Coach,25
93,SC Verl,Unknown Stadium,0,Unknown Coach,25
94,FC Erzgebirge Aue,Unknown Stadium,0,Unknown Coach,25
95,KFC Uerdingen 05,Unknown Stadium,0,Unknown Coach,25
96,SV Wilhelmshaven,Unknown Stadium,0,Unknown Coach,25
97,SG Wattenscheid 09,Unknown Stadium,0,Unknown Coach,25
41061,Corvinul Hunedoara,Unknown Stadium,0,Unknown Coach,25
16486,CF Fuenlabrada,Unknown Stadium,0,Unknown Coach,25
16487,Lucena CF,Unknown Stadium,0,Unknown Coach,25
104,SV Eintracht Trier 05,Unknown Stadium,0,Unknown Coach,25
103,1.FC Schweinfurt 05,Unknown Stadium,0,Unknown Coach,25
107,Kickers Offenbach,Unknown Stadium,0,Unknown Coach,25
16492,UD Melilla,Unknown Stadium,0,Unknown Coach,25
109,SSV Jahn Regensburg,Unknown Stadium,0,Unknown Coach,25
110,SV Wacker Burghausen,Unknown Stadium,0,Unknown Coach,25
108,SV Wehen Wiesbaden,Unknown Stadium,0,Unknown Coach,25
111,Rot-Weiß Erfurt,Unknown Stadium,0,Unknown Coach,25
113,FC Carl Zeiss Jena,Unknown Stadium,0,Unknown Coach,25
115,FC Oberneuland,Unknown Stadium,0,Unknown Coach,25
65651,SV HBC Heemstede,Unknown Stadium,0,Unknown Coach,25
117,Eintracht Norderstedt,Unknown Stadium,0,Unknown Coach,25
8303,Enosi Aspropyrgou,Unknown Stadium,0,Unknown Coach,25
119,Maccabi Tel Aviv,Unknown Stadium,0,Unknown Coach,25
129,SG Dynamo Dresden,Unknown Stadium,0,Unknown Coach,25
134,Xerez CD,Unknown Stadium,0,Unknown Coach,25
82054,Real Titánico,Unknown Stadium,0,Unknown Coach,25
82055,Anaitasuna FT,Unknown Stadium,0,Unknown Coach,25
82058,CF Épila,Unknown Stadium,0,Unknown Coach,25
8322,Rende Calcio 1968,Unknown Stadium,0,Unknown Coach,25
82063,AUGC Ceuta (- 2020),Unknown Stadium,0,Unknown Coach,25
82062,CD Colegios Diocesanos,Unknown Stadium,0,Unknown Coach,25
65682,FK Saransk ( -2022),Unknown Stadium,0,Unknown Coach,25
65683,Kuban Holding Pavlovskaya,Unknown Stadium,0,Unknown Coach,25
24718,1.FC Rielasingen-Arlen,Unknown Stadium,0,Unknown Coach,25
73876,CE Andratx,Unknown Stadium,0,Unknown Coach,25
73877,CD Peña Azagresa,Unknown Stadium,0,Unknown Coach,25
49306,Balkany Zorya,Unknown Stadium,0,Unknown Coach,25
8343,RKSV Leonidas,Unknown Stadium,0,Unknown Coach,25
156,Levski Sofia,Unknown Stadium,0,Unknown Coach,25
158,VfR Wormatia Worms,Unknown Stadium,0,Unknown Coach,25
82076,Club_82076,Unknown Stadium,0,Unknown Coach,25
163,FC Vaduz,Unknown Stadium,0,Unknown Coach,25
164,Blackburn Rovers,Unknown Stadium,0,Unknown Coach,25
8354,SV Oberachern,Unknown Stadium,0,Unknown Coach,25
49318,PAS Acheron Kanalakiou,Unknown Stadium,0,Unknown Coach,25
171,Real Murcia CF,Unknown Stadium,0,Unknown Coach,25
123045,Club_123045,Unknown Stadium,0,Unknown Coach,25
41127,Myr Gornostaivka,Unknown Stadium,0,Unknown Coach,25
8364,Benburb FC,Unknown Stadium,0,Unknown Coach,25
41133,Iberia 1999 Tbilisi,Unknown Stadium,0,Unknown Coach,25
8373,Siracusa Calcio,Unknown Stadium,0,Unknown Coach,25
57527,ODEK Orzhiv,Unknown Stadium,0,Unknown Coach,25
187,1.FC Magdeburg,Unknown Stadium,0,Unknown Coach,25
16575,SD Amorebieta,Unknown Stadium,0,Unknown Coach,25
16576,CD Guadalajara,Unknown Stadium,0,Unknown Coach,25
24773,Anagennisi Epanomis,Unknown Stadium,0,Unknown Coach,25
8397,Makedonija Gjorce Petrov,Unknown Stadium,0,Unknown Coach,25
41166,Iraklis Ampelokipon,Unknown Stadium,0,Unknown Coach,25
208,CSKA-Sofia,Unknown Stadium,0,Unknown Coach,25
16596,Peña Sport FC,Unknown Stadium,0,Unknown Coach,25
215,Bonner SC,Unknown Stadium,0,Unknown Coach,25
24791,Unión Club Ceares,Unknown Stadium,0,Unknown Coach,25
16602,UB Conquense,Unknown Stadium,0,Unknown Coach,25
220,FC Gütersloh,Unknown Stadium,0,Unknown Coach,25
222,BFC Dynamo,Unknown Stadium,0,Unknown Coach,25
24794,Chiclana CF,Unknown Stadium,0,Unknown Coach,25
16611,FС Taganrog (-2015),Unknown Stadium,0,Unknown Coach,25
16612,Lokomotiv Liski,Unknown Stadium,0,Unknown Coach,25
16613,Sakhalin Yuzhno-Sakhalinsk,Unknown Stadium,0,Unknown Coach,25
16614,Sever Murmansk,Unknown Stadium,0,Unknown Coach,25
33000,FC 's-Gravenzande,Unknown Stadium,0,Unknown Coach,25
16619,Metallurg-Oskol Stary Oskol,Unknown Stadium,0,Unknown Coach,25
16622,Club_16622,Unknown Stadium,0,Unknown Coach,25
8424,Länk FC Vilaverdense,Unknown Stadium,0,Unknown Coach,25
8428,TP Mazembe,Unknown Stadium,0,Unknown Coach,25
41197,AE Sparti,Unknown Stadium,0,Unknown Coach,25
247,SV Meppen,Unknown Stadium,0,Unknown Coach,25
8436,Club_8436,Unknown Stadium,0,Unknown Coach,25
8443,VV Geldrop,Unknown Stadium,0,Unknown Coach,25
253,Torpedo Kutaisi,Unknown Stadium,0,Unknown Coach,25
254,SV Sandhausen,Unknown Stadium,0,Unknown Coach,25
16640,Club Rápido de Bouzas,Unknown Stadium,0,Unknown Coach,25
24832,Víkingur Gøta,Unknown Stadium,0,Unknown Coach,25
8449,VV UNA Veldhoven,Unknown Stadium,0,Unknown Coach,25
16646,UP Langreo,Unknown Stadium,0,Unknown Coach,25
24839,Dragör Boldklub,Unknown Stadium,0,Unknown Coach,25
16650,AS Ardealul Tg. Mures (- 2018),Unknown Stadium,0,Unknown Coach,25
271,Litex Lovech,Unknown Stadium,0,Unknown Coach,25
41229,AO Neos Asteras Rethymnou,Unknown Stadium,0,Unknown Coach,25
275,FSV Zwickau,Unknown Stadium,0,Unknown Coach,25
41230,CD Diocesano,Unknown Stadium,0,Unknown Coach,25
49430,AZ Picerno,Unknown Stadium,0,Unknown Coach,25
279,Ferencvárosi TC,Unknown Stadium,0,Unknown Coach,25
282,FK Sarajevo,Unknown Stadium,0,Unknown Coach,25
293,FSV Frankfurt,Unknown Stadium,0,Unknown Coach,25
299,Wuppertaler SV,Unknown Stadium,0,Unknown Coach,25
16687,CD Alfaro,Unknown Stadium,0,Unknown Coach,25
8497,Costa Rica,Unknown Stadium,0,Unknown Coach,25
16694,Novelda CF,Unknown Stadium,0,Unknown Coach,25
318,Ruch Chorzow,Unknown Stadium,0,Unknown Coach,25
24898,AC Renate,Unknown Stadium,0,Unknown Coach,25
329,Sliema Wanderers,Unknown Stadium,0,Unknown Coach,25
332,AS Bari,Unknown Stadium,0,Unknown Coach,25
337,Birmingham City,Unknown Stadium,0,Unknown Coach,25
41300,Boldklubben Stjernen 1968,Unknown Stadium,0,Unknown Coach,25
41303,FC Udfordringen,Unknown Stadium,0,Unknown Coach,25
41304,Club_41304,Unknown Stadium,0,Unknown Coach,25
345,TSG Pfeddersheim,Unknown Stadium,0,Unknown Coach,25
41305,Mejrup GU,Unknown Stadium,0,Unknown Coach,25
349,Barnsley FC,Unknown Stadium,0,Unknown Coach,25
352,Swindon Town,Unknown Stadium,0,Unknown Coach,25
355,Bolton Wanderers,Unknown Stadium,0,Unknown Coach,25
16736,Las Rozas CF,Unknown Stadium,0,Unknown Coach,25
358,Charlton Athletic,Unknown Stadium,0,Unknown Coach,25
362,Akademisk Boldklub,Unknown Stadium,0,Unknown Coach,25
24938,FC Djursland,Unknown Stadium,0,Unknown Coach,25
364,Germania Halberstadt,Unknown Stadium,0,Unknown Coach,25
365,Spartak Trnava,Unknown Stadium,0,Unknown Coach,25
33139,VV Zwaluwen Vlaardingen,Unknown Stadium,0,Unknown Coach,25
373,KSV Hessen Kassel,Unknown Stadium,0,Unknown Coach,25
33141,FK Kalush,Unknown Stadium,0,Unknown Coach,25
65909,FK Blagoveshchensk,Unknown Stadium,0,Unknown Coach,25
8563,Naftan Novopolotsk,Unknown Stadium,0,Unknown Coach,25
8565,HSC '21 Haaksbergen,Unknown Stadium,0,Unknown Coach,25
8568,AD Ceuta FC,Unknown Stadium,0,Unknown Coach,25
384,MVV Maastricht,Unknown Stadium,0,Unknown Coach,25
16775,UD Alzira,Unknown Stadium,0,Unknown Coach,25
16779,Ordabasy Shymkent,Unknown Stadium,0,Unknown Coach,25
24974,Yednist Plysky (-2018),Unknown Stadium,0,Unknown Coach,25
404,FC Den Bosch,Unknown Stadium,0,Unknown Coach,25
74132,SD Solares-Medio Cudeyo,Unknown Stadium,0,Unknown Coach,25
24981,Erani Filiatron,Unknown Stadium,0,Unknown Coach,25
408,Ascoli Calcio,Unknown Stadium,0,Unknown Coach,25
33179,Slavutych Cherkasy,Unknown Stadium,0,Unknown Coach,25
8606,FK Auda,Unknown Stadium,0,Unknown Coach,25
420,RNK Split,Unknown Stadium,0,Unknown Coach,25
24996,Pandramaikos AO,Unknown Stadium,0,Unknown Coach,25
422,Wisla Kraków,Unknown Stadium,0,Unknown Coach,25
57766,Invergordon FC,Unknown Stadium,0,Unknown Coach,25
429,Apollon Limassol,Unknown Stadium,0,Unknown Coach,25
431,SC Victoria Hamburg,Unknown Stadium,0,Unknown Coach,25
433,FC Koper,Unknown Stadium,0,Unknown Coach,25
49587,Zhemchuzhyna Odesa,Unknown Stadium,0,Unknown Coach,25
8620,VV Heerjansdam,Unknown Stadium,0,Unknown Coach,25
41394,CD Boiro,Unknown Stadium,0,Unknown Coach,25
33206,FC Llapi,Unknown Stadium,0,Unknown Coach,25
8626,RKSV Halsteren,Unknown Stadium,0,Unknown Coach,25
440,Hallescher FC,Unknown Stadium,0,Unknown Coach,25
33209,FK Odessa,Unknown Stadium,0,Unknown Coach,25
444,BK Frem,Unknown Stadium,0,Unknown Coach,25
442,FSV Salmrohr,Unknown Stadium,0,Unknown Coach,25
41403,SD Tarazona,Unknown Stadium,0,Unknown Coach,25
41404,Club_41404,Unknown Stadium,0,Unknown Coach,25
41409,CD Varea,Unknown Stadium,0,Unknown Coach,25
74177,SV Poortugaal,Unknown Stadium,0,Unknown Coach,25
459,FC 08 Homburg,Unknown Stadium,0,Unknown Coach,25
49610,Trastevere Calcio,Unknown Stadium,0,Unknown Coach,25
25039,Shortwood United,Unknown Stadium,0,Unknown Coach,25
466,Preston North End,Unknown Stadium,0,Unknown Coach,25
476,TSV Havelse,Unknown Stadium,0,Unknown Coach,25
33244,FShM Moskau,Unknown Stadium,0,Unknown Coach,25
8671,KF Vllaznia,Unknown Stadium,0,Unknown Coach,25
90593,Polissya Stavky,Unknown Stadium,0,Unknown Coach,25
16866,SC Genemuiden,Unknown Stadium,0,Unknown Coach,25
49634,SKK Demnya,Unknown Stadium,0,Unknown Coach,25
41444,UM Escobedo,Unknown Stadium,0,Unknown Coach,25
490,FSV Wacker Nordhausen,Unknown Stadium,0,Unknown Coach,25
74219,Melilla CD,Unknown Stadium,0,Unknown Coach,25
497,1.FC Lokomotive Leipzig,Unknown Stadium,0,Unknown Coach,25
500,Helmond Sport,Unknown Stadium,0,Unknown Coach,25
503,FC Admira Wacker Mödling,Unknown Stadium,0,Unknown Coach,25
8699,Apollon Larisas,Unknown Stadium,0,Unknown Coach,25
8700,Anagennisi Ierapetras,Unknown Stadium,0,Unknown Coach,25
49672,IF Frem Bjaeverskov,Unknown Stadium,0,Unknown Coach,25
49674,Club_49674,Unknown Stadium,0,Unknown Coach,25
49675,Hilleröd Fodbold,Unknown Stadium,0,Unknown Coach,25
49673,Club_49673,Unknown Stadium,0,Unknown Coach,25
49677,Fuglebakken KFUM,Unknown Stadium,0,Unknown Coach,25
49679,Club_49679,Unknown Stadium,0,Unknown Coach,25
16387,UD Barbastro,Unknown Stadium,0,Unknown Coach,25
8715,Pandurii Targu Jiu (- 2022),Unknown Stadium,0,Unknown Coach,25
534,Pelister Bitola,Unknown Stadium,0,Unknown Coach,25
33303,SD Logroñés,Unknown Stadium,0,Unknown Coach,25
535,Sileks Kratovo,Unknown Stadium,0,Unknown Coach,25
98841,FK TransINVEST,Unknown Stadium,0,Unknown Coach,25
33306,Gimnástica Segoviana CF,Unknown Stadium,0,Unknown Coach,25
540,Slovan Bratislava,Unknown Stadium,0,Unknown Coach,25
41494,FC Saxan Ceadir-Lunga,Unknown Stadium,0,Unknown Coach,25
90654,Kairat Moscow ( -2022),Unknown Stadium,0,Unknown Coach,25
25119,Bramming Boldklub,Unknown Stadium,0,Unknown Coach,25
546,FC Schönberg 95,Unknown Stadium,0,Unknown Coach,25
49699,UD San Pedro,Unknown Stadium,0,Unknown Coach,25
57890,FK Sabail,Unknown Stadium,0,Unknown Coach,25
74279,CD Pontellas,Unknown Stadium,0,Unknown Coach,25
74280,Atlético Porcuna CF,Unknown Stadium,0,Unknown Coach,25
74281,Ionikos Ionias,Unknown Stadium,0,Unknown Coach,25
33324,Vejle Boldklub Kolding,Unknown Stadium,0,Unknown Coach,25
562,FSV Optik Rathenow,Unknown Stadium,0,Unknown Coach,25
33330,Juliana '31,Unknown Stadium,0,Unknown Coach,25
8758,Diagoras Rodou,Unknown Stadium,0,Unknown Coach,25
82502,Club_82502,Unknown Stadium,0,Unknown Coach,25
584,Berliner AK 07,Unknown Stadium,0,Unknown Coach,25
49734,FC Jumilla (- 2019),Unknown Stadium,0,Unknown Coach,25
8778,Vietnam,Unknown Stadium,0,Unknown Coach,25
588,FC Dinamo City,Unknown Stadium,0,Unknown Coach,25
8780,Sligo Rovers,Unknown Stadium,0,Unknown Coach,25
602,FK Zalgiris Vilnius,Unknown Stadium,0,Unknown Coach,25
90714,Vigerslev Boldklub,Unknown Stadium,0,Unknown Coach,25
60368,FC Noah Yerevan,Unknown Stadium,0,Unknown Coach,25
628,FK Velez Mostar,Unknown Stadium,0,Unknown Coach,25
630,Racing Santander,Unknown Stadium,0,Unknown Coach,25
8820,Hampton & Richmond Borough,Unknown Stadium,0,Unknown Coach,25
634,MTK Budapest,Unknown Stadium,0,Unknown Coach,25
8827,UD Oliveirense,Unknown Stadium,0,Unknown Coach,25
640,SDO Bussum,Unknown Stadium,0,Unknown Coach,25
8835,Spartak Nalchik,Unknown Stadium,0,Unknown Coach,25
41604,Atlético Tordesillas,Unknown Stadium,0,Unknown Coach,25
648,CD Tenerife,Unknown Stadium,0,Unknown Coach,25
8841,Xäzär Länkäran,Unknown Stadium,0,Unknown Coach,25
49806,CF Lorca Deportiva,Unknown Stadium,0,Unknown Coach,25
33424,ODIN '59 Heemskerk,Unknown Stadium,0,Unknown Coach,25
657,SV Linx,Unknown Stadium,0,Unknown Coach,25
656,Al-Sadd SC,Unknown Stadium,0,Unknown Coach,25
33427,SV Urk,Unknown Stadium,0,Unknown Coach,25
33429,VV GOES,Unknown Stadium,0,Unknown Coach,25
33430,VV Hoogland,Unknown Stadium,0,Unknown Coach,25
663,Dinamo Tbilisi,Unknown Stadium,0,Unknown Coach,25
33432,VV Staphorst,Unknown Stadium,0,Unknown Coach,25
33426,Club_33426,Unknown Stadium,0,Unknown Coach,25
666,Real Jaén CF,Unknown Stadium,0,Unknown Coach,25
668,Sportfreunde Lotte,Unknown Stadium,0,Unknown Coach,25
33438,AO Episkopi Rethymnou,Unknown Stadium,0,Unknown Coach,25
33439,AS Rouvas,Unknown Stadium,0,Unknown Coach,25
66208,SV Kampong Utrecht,Unknown Stadium,0,Unknown Coach,25
675,Slavia Sofia,Unknown Stadium,0,Unknown Coach,25
33450,PO Elassonas,Unknown Stadium,0,Unknown Coach,25
698,Bristol City,Unknown Stadium,0,Unknown Coach,25
699,Helsingborgs IF,Unknown Stadium,0,Unknown Coach,25
704,Foggia Calcio,Unknown Stadium,0,Unknown Coach,25
82626,Farsö Ullits IK,Unknown Stadium,0,Unknown Coach,25
708,Újpest FC,Unknown Stadium,0,Unknown Coach,25
709,Budapest Honvéd FC,Unknown Stadium,0,Unknown Coach,25
710,NK Celje,Unknown Stadium,0,Unknown Coach,25
713,BATE Borisov,Unknown Stadium,0,Unknown Coach,25
90825,Victoria CF,Unknown Stadium,0,Unknown Coach,25
8908,Carshalton Athletic,Unknown Stadium,0,Unknown Coach,25
8909,Selkirk FC,Unknown Stadium,0,Unknown Coach,25
33487,Aetos Makrychoriou,Unknown Stadium,0,Unknown Coach,25
58065,Veles Moscow,Unknown Stadium,0,Unknown Coach,25
33490,AE Ermionidas,Unknown Stadium,0,Unknown Coach,25
726,FK Pirmasens,Unknown Stadium,0,Unknown Coach,25
49878,VV SCM Maastricht,Unknown Stadium,0,Unknown Coach,25
8920,Musselburgh Athletic FC,Unknown Stadium,0,Unknown Coach,25
82652,Helsted Fremad IF,Unknown Stadium,0,Unknown Coach,25
90844,CD Ursaria,Unknown Stadium,0,Unknown Coach,25
8927,Burntisland Shipyard AFC,Unknown Stadium,0,Unknown Coach,25
8928,Glenafton Athletic FC,Unknown Stadium,0,Unknown Coach,25
8929,Hurlford United FC,Unknown Stadium,0,Unknown Coach,25
8933,Cove Rangers FC,Unknown Stadium,0,Unknown Coach,25
66283,FC Balashikha,Unknown Stadium,0,Unknown Coach,25
17133,Octane Perm,Unknown Stadium,0,Unknown Coach,25
752,SpVgg Bayreuth,Unknown Stadium,0,Unknown Coach,25
41709,CE Manresa,Unknown Stadium,0,Unknown Coach,25
8942,Beith Juniors FC,Unknown Stadium,0,Unknown Coach,25
74478,Comillas CF,Unknown Stadium,0,Unknown Coach,25
74477,CD Barquereño,Unknown Stadium,0,Unknown Coach,25
49912,Condal Club,Unknown Stadium,0,Unknown Coach,25
8956,FK Inter Baku,Unknown Stadium,0,Unknown Coach,25
17149,Hamrun Spartans,Unknown Stadium,0,Unknown Coach,25
767,SV Lippstadt 08,Unknown Stadium,0,Unknown Coach,25
33535,Biolog-Novokubansk Progress,Unknown Stadium,0,Unknown Coach,25
33536,FK Podolje,Unknown Stadium,0,Unknown Coach,25
8969,Tikves Kavadarci,Unknown Stadium,0,Unknown Coach,25
779,MFK Kosice,Unknown Stadium,0,Unknown Coach,25
786,AEL Limassol,Unknown Stadium,0,Unknown Coach,25
49939,Virtus Francavilla Calcio,Unknown Stadium,0,Unknown Coach,25
789,NK Rudar Velenje,Unknown Stadium,0,Unknown Coach,25
790,NK Maribor,Unknown Stadium,0,Unknown Coach,25
8981,Bromley FC,Unknown Stadium,0,Unknown Coach,25
82718,FC Tver,Unknown Stadium,0,Unknown Coach,25
123680,Palmira Odesa,Unknown Stadium,0,Unknown Coach,25
33571,Real Farma Ovidiopol,Unknown Stadium,0,Unknown Coach,25
25377,Arandina CF,Unknown Stadium,0,Unknown Coach,25
49957,Águilas FC,Unknown Stadium,0,Unknown Coach,25
8994,EVV Echt,Unknown Stadium,0,Unknown Coach,25
25379,CD Laudio,Unknown Stadium,0,Unknown Coach,25
8995,IL Hødd,Unknown Stadium,0,Unknown Coach,25
41761,FC Ascó,Unknown Stadium,0,Unknown Coach,25
810,Hapoel Haifa,Unknown Stadium,0,Unknown Coach,25
817,Achilles Veen,Unknown Stadium,0,Unknown Coach,25
74548,Doxa Artas,Unknown Stadium,0,Unknown Coach,25
74549,AS Thinaliakos,Unknown Stadium,0,Unknown Coach,25
74551,Apollon Efpaliou,Unknown Stadium,0,Unknown Coach,25
33593,Club Lleida Esportiu,Unknown Stadium,0,Unknown Coach,25
829,Omonia Nicosia,Unknown Stadium,0,Unknown Coach,25
33600,Huracán Valencia CF,Unknown Stadium,0,Unknown Coach,25
834,TSG Balingen,Unknown Stadium,0,Unknown Coach,25
9023,Thisted FC,Unknown Stadium,0,Unknown Coach,25
9026,Glentoran FC,Unknown Stadium,0,Unknown Coach,25
9027,Kilwinning Rangers FC,Unknown Stadium,0,Unknown Coach,25
839,AC Perugia Calcio,Unknown Stadium,0,Unknown Coach,25
25417,Girvan FC,Unknown Stadium,0,Unknown Coach,25
25418,Glasgow University FC,Unknown Stadium,0,Unknown Coach,25
25425,Golspie Sutherland FC,Unknown Stadium,0,Unknown Coach,25
853,F91 Dudelange,Unknown Stadium,0,Unknown Coach,25
33631,Astrapi Mesopotamias,Unknown Stadium,0,Unknown Coach,25
25442,Banks O' Dee FC,Unknown Stadium,0,Unknown Coach,25
90988,XerxesDZB,Unknown Stadium,0,Unknown Coach,25
9073,PASA Irodotos,Unknown Stadium,0,Unknown Coach,25
25462,Jove Español San Vicente,Unknown Stadium,0,Unknown Coach,25
9083,Panegialios GS,Unknown Stadium,0,Unknown Coach,25
17279,Dagdiesel Kaspijsk,Unknown Stadium,0,Unknown Coach,25
99200,Kosmos Dolgoprudnyi,Unknown Stadium,0,Unknown Coach,25
899,Walsall FC,Unknown Stadium,0,Unknown Coach,25
9095,Bnei Yehuda Tel Aviv,Unknown Stadium,0,Unknown Coach,25
91017,UD Rotlet Molinar,Unknown Stadium,0,Unknown Coach,25
907,TuS Dassendorf,Unknown Stadium,0,Unknown Coach,25
25483,CD Covadonga,Unknown Stadium,0,Unknown Coach,25
9100,Moghreb Atlético Tétouan,Unknown Stadium,0,Unknown Coach,25
912,VfR Neumünster,Unknown Stadium,0,Unknown Coach,25
25490,AE Kalabakiou,Unknown Stadium,0,Unknown Coach,25
25495,Kolding Boldklub,Unknown Stadium,0,Unknown Coach,25
920,Derry City,Unknown Stadium,0,Unknown Coach,25
91036,Lyubomyr Stavyshche,Unknown Stadium,0,Unknown Coach,25
91037,AFSK Kyiv,Unknown Stadium,0,Unknown Coach,25
935,FC Pasching,Unknown Stadium,0,Unknown Coach,25
25516,Nexö Boldklub Bornholm,Unknown Stadium,0,Unknown Coach,25
947,Boldklubben af 1893,Unknown Stadium,0,Unknown Coach,25
951,FC 08 Villingen,Unknown Stadium,0,Unknown Coach,25
50108,CD Algar,Unknown Stadium,0,Unknown Coach,25
41916,Inter Club d'Escaldes,Unknown Stadium,0,Unknown Coach,25
82880,Ktinotrofikos Asteras Kalirachis,Unknown Stadium,0,Unknown Coach,25
82881,AE Dimitra Efxinoupolis,Unknown Stadium,0,Unknown Coach,25
9153,Chesham United,Unknown Stadium,0,Unknown Coach,25
82885,Ermis Meligous,Unknown Stadium,0,Unknown Coach,25
33734,SS Monopoli 1966,Unknown Stadium,0,Unknown Coach,25
967,Cherno More Varna,Unknown Stadium,0,Unknown Coach,25
50121,CD Becerril,Unknown Stadium,0,Unknown Coach,25
82886,Aris Skalas,Unknown Stadium,0,Unknown Coach,25
972,Yeovil Town,Unknown Stadium,0,Unknown Coach,25
33741,FC Drita,Unknown Stadium,0,Unknown Coach,25
82888,Ethnikos Skoulikadou,Unknown Stadium,0,Unknown Coach,25
50120,UD Barbadás,Unknown Stadium,0,Unknown Coach,25
971,Scarborough Athletic,Unknown Stadium,0,Unknown Coach,25
980,APO Fostiras,Unknown Stadium,0,Unknown Coach,25
41934,Club_41934,Unknown Stadium,0,Unknown Coach,25
986,Cambridge United,Unknown Stadium,0,Unknown Coach,25
988,Oxford United,Unknown Stadium,0,Unknown Coach,25
990,Coventry City,Unknown Stadium,0,Unknown Coach,25
991,Milton Keynes Dons,Unknown Stadium,0,Unknown Coach,25
996,TuS Koblenz,Unknown Stadium,0,Unknown Coach,25
1002,FC Flora Tallinn,Unknown Stadium,0,Unknown Coach,25
1004,FK Zeta Golubovac,Unknown Stadium,0,Unknown Coach,25
1008,HJK Helsinki,Unknown Stadium,0,Unknown Coach,25
33777,Alvechurch FC,Unknown Stadium,0,Unknown Coach,25
17399,Zenit Penza,Unknown Stadium,0,Unknown Coach,25
33783,FC RFS,Unknown Stadium,0,Unknown Coach,25
1017,Hapoel Tel Aviv,Unknown Stadium,0,Unknown Coach,25
9211,Bohemian Football Club,Unknown Stadium,0,Unknown Coach,25
1020,Portsmouth FC,Unknown Stadium,0,Unknown Coach,25
132096,Kristall-MEZT Borisoglebsk,Unknown Stadium,0,Unknown Coach,25
132097,Real World Challenge St. Petersburg,Unknown Stadium,0,Unknown Coach,25
1027,Bradford City,Unknown Stadium,0,Unknown Coach,25
1028,Millwall FC,Unknown Stadium,0,Unknown Coach,25
1033,Valur Reykjavík,Unknown Stadium,0,Unknown Coach,25
1034,Grimsby Town,Unknown Stadium,0,Unknown Coach,25
1035,Sheffield Wednesday,Unknown Stadium,0,Unknown Coach,25
1042,Crewe Alexandra,Unknown Stadium,0,Unknown Coach,25
1043,Skonto Riga (- 2016),Unknown Stadium,0,Unknown Coach,25
1045,Notts County,Unknown Stadium,0,Unknown Coach,25
33818,Náxara CD,Unknown Stadium,0,Unknown Coach,25
17436,Sibir-2 Novosibirsk (- 2019),Unknown Stadium,0,Unknown Coach,25
1051,Coalville Town,Unknown Stadium,0,Unknown Coach,25
9241,Diósgyőri VTK,Unknown Stadium,0,Unknown Coach,25
132095,Fankom Kirov,Unknown Stadium,0,Unknown Coach,25
1058,Odds BK,Unknown Stadium,0,Unknown Coach,25
1060,Colchester United,Unknown Stadium,0,Unknown Coach,25
1064,Maccabi Haifa,Unknown Stadium,0,Unknown Coach,25
1068,SV Straelen,Unknown Stadium,0,Unknown Coach,25
1072,Peterborough United,Unknown Stadium,0,Unknown Coach,25
1074,Tranmere Rovers,Unknown Stadium,0,Unknown Coach,25
1078,Oldham Athletic,Unknown Stadium,0,Unknown Coach,25
42039,Salamanca CF UDS,Unknown Stadium,0,Unknown Coach,25
1088,Rochdale AFC,Unknown Stadium,0,Unknown Coach,25
9284,Swift Hesperange,Unknown Stadium,0,Unknown Coach,25
74822,AO Diavolitsiou,Unknown Stadium,0,Unknown Coach,25
33863,Club_33863,Unknown Stadium,0,Unknown Coach,25
1098,Stockport County,Unknown Stadium,0,Unknown Coach,25
33864,Club_33864,Unknown Stadium,0,Unknown Coach,25
1102,Vaasan Palloseura,Unknown Stadium,0,Unknown Coach,25
1103,Ternana Calcio,Unknown Stadium,0,Unknown Coach,25
33872,Vejlby-Risskov Idraetsklub,Unknown Stadium,0,Unknown Coach,25
50257,Atlético Saguntino,Unknown Stadium,0,Unknown Coach,25
33867,Club_33867,Unknown Stadium,0,Unknown Coach,25
1105,Ravenna FC,Unknown Stadium,0,Unknown Coach,25
33878,Vaerebro BK,Unknown Stadium,0,Unknown Coach,25
1112,Wrexham AFC,Unknown Stadium,0,Unknown Coach,25
50260,Internacional de Madrid,Unknown Stadium,0,Unknown Coach,25
1115,Barry Town United,Unknown Stadium,0,Unknown Coach,25
1127,FC Halifax Town,Unknown Stadium,0,Unknown Coach,25
74867,FC Uzhgorod,Unknown Stadium,0,Unknown Coach,25
74868,Alyans Lypova Dolyna,Unknown Stadium,0,Unknown Coach,25
74869,VPK-Agro,Unknown Stadium,0,Unknown Coach,25
74870,Peremoga Dnipro,Unknown Stadium,0,Unknown Coach,25
74871,Karpaty Galych,Unknown Stadium,0,Unknown Coach,25
74872,Dinaz Vyshgorod,Unknown Stadium,0,Unknown Coach,25
1150,Leyton Orient,Unknown Stadium,0,Unknown Coach,25
1151,TSG Neustrelitz,Unknown Stadium,0,Unknown Coach,25
1167,Shkendija Tetovo,Unknown Stadium,0,Unknown Coach,25
25745,Needham Market FC,Unknown Stadium,0,Unknown Coach,25
1176,Racing Ferrol,Unknown Stadium,0,Unknown Coach,25
1180,Dinamo Minsk,Unknown Stadium,0,Unknown Coach,25
1181,Blackpool FC,Unknown Stadium,0,Unknown Coach,25
1185,FH Hafnarfjördur,Unknown Stadium,0,Unknown Coach,25
132258,CD Unión Malacitano,Unknown Stadium,0,Unknown Coach,25
1189,St. Patrick's Athletic,Unknown Stadium,0,Unknown Coach,25
1192,Ayr United FC,Unknown Stadium,0,Unknown Coach,25
1193,Bahlinger SC,Unknown Stadium,0,Unknown Coach,25
1194,Rotherham United,Unknown Stadium,0,Unknown Coach,25
1195,Kidderminster Harriers,Unknown Stadium,0,Unknown Coach,25
1198,Lincoln City,Unknown Stadium,0,Unknown Coach,25
1203,FC Nöttingen,Unknown Stadium,0,Unknown Coach,25
42165,Daventry Town,Unknown Stadium,0,Unknown Coach,25
50358,ASD Lanusei Calcio,Unknown Stadium,0,Unknown Coach,25
50359,Shakhter Peshelan,Unknown Stadium,0,Unknown Coach,25
17593,Camelon Juniors FC,Unknown Stadium,0,Unknown Coach,25
1211,Port Vale FC,Unknown Stadium,0,Unknown Coach,25
91328,Dinamo Vladivostok,Unknown Stadium,0,Unknown Coach,25
91329,CF Jaraiz,Unknown Stadium,0,Unknown Coach,25
17602,The Spartans FC,Unknown Stadium,0,Unknown Coach,25
1219,Chesterfield FC,Unknown Stadium,0,Unknown Coach,25
1220,Carlisle United,Unknown Stadium,0,Unknown Coach,25
1218,Torquay United,Unknown Stadium,0,Unknown Coach,25
17605,RKAV Volendam,Unknown Stadium,0,Unknown Coach,25
9415,APS Zakynthos,Unknown Stadium,0,Unknown Coach,25
91335,CD Hernani,Unknown Stadium,0,Unknown Coach,25
1225,FC Haka,Unknown Stadium,0,Unknown Coach,25
1227,RBC Roosendaal,Unknown Stadium,0,Unknown Coach,25
1228,TOP Oss,Unknown Stadium,0,Unknown Coach,25
1242,NK Siroki Brijeg,Unknown Stadium,0,Unknown Coach,25
25817,CD Cova Piedade,Unknown Stadium,0,Unknown Coach,25
1246,TSV 1860 Rosenheim,Unknown Stadium,0,Unknown Coach,25
9439,Feralpisalò,Unknown Stadium,0,Unknown Coach,25
1251,Cliftonville FC,Unknown Stadium,0,Unknown Coach,25
1252,York City,Unknown Stadium,0,Unknown Coach,25
1253,AS Lucchese Libertas,Unknown Stadium,0,Unknown Coach,25
50406,Aetos Orfanou,Unknown Stadium,0,Unknown Coach,25
58600,FK Gvardeyets Skvortsovo,Unknown Stadium,0,Unknown Coach,25
1257,Jeunesse Esch,Unknown Stadium,0,Unknown Coach,25
34027,Barwell FC,Unknown Stadium,0,Unknown Coach,25
1270,Dunfermline Athletic FC,Unknown Stadium,0,Unknown Coach,25
1274,Stabæk Fotball,Unknown Stadium,0,Unknown Coach,25
9470,Leher TS Bremerhaven,Unknown Stadium,0,Unknown Coach,25
1279,1.FC Neubrandenburg 04,Unknown Stadium,0,Unknown Coach,25
1284,SC Veendam,Unknown Stadium,0,Unknown Coach,25
9477,CE L'Hospitalet,Unknown Stadium,0,Unknown Coach,25
42246,Europa FC,Unknown Stadium,0,Unknown Coach,25
42245,Steins Thistle,Unknown Stadium,0,Unknown Coach,25
17675,Whitby Town,Unknown Stadium,0,Unknown Coach,25
9487,SV Waldkirch,Unknown Stadium,0,Unknown Coach,25
91411,Spartak Tuymazy,Unknown Stadium,0,Unknown Coach,25
1302,Northampton Town,Unknown Stadium,0,Unknown Coach,25
1307,US Pistoiese 1921,Unknown Stadium,0,Unknown Coach,25
91419,Bröndby Strand IK,Unknown Stadium,0,Unknown Coach,25
91420,FK Krasava (-2022),Unknown Stadium,0,Unknown Coach,25
132383,Karbon Cherkasy,Unknown Stadium,0,Unknown Coach,25
132384,Legiya Kyiv,Unknown Stadium,0,Unknown Coach,25
99617,Atlet Kyiv,Unknown Stadium,0,Unknown Coach,25
1315,KSV Baunatal,Unknown Stadium,0,Unknown Coach,25
1328,Bremer SV,Unknown Stadium,0,Unknown Coach,25
9527,Warrington Town,Unknown Stadium,0,Unknown Coach,25
75068,FK Novosibirsk,Unknown Stadium,0,Unknown Coach,25
50498,AO Sellanon,Unknown Stadium,0,Unknown Coach,25
1348,FC-Astoria Walldorf,Unknown Stadium,0,Unknown Coach,25
42310,FA Siauliai,Unknown Stadium,0,Unknown Coach,25
34119,UD Maracena,Unknown Stadium,0,Unknown Coach,25
9545,Rijnsburgse Boys,Unknown Stadium,0,Unknown Coach,25
9547,ADO '20 Heemskerk,Unknown Stadium,0,Unknown Coach,25
75083,Racing Murcia FC (-2024),Unknown Stadium,0,Unknown Coach,25
34129,CD Tuilla,Unknown Stadium,0,Unknown Coach,25
132435,Lutsksantekhmontazh №536 Lutsk,Unknown Stadium,0,Unknown Coach,25
132438,NIKA SMK Bogodukhiv,Unknown Stadium,0,Unknown Coach,25
83289,Metallurg Vidnoe,Unknown Stadium,0,Unknown Coach,25
91484,CD Villa de Fortuna,Unknown Stadium,0,Unknown Coach,25
91485,CD Utrillas,Unknown Stadium,0,Unknown Coach,25
17758,Palestine,Unknown Stadium,0,Unknown Coach,25
132448,Mayak Sarny,Unknown Stadium,0,Unknown Coach,25
34148,UCAM Murcia CF,Unknown Stadium,0,Unknown Coach,25
9572,BSG Chemie Leipzig,Unknown Stadium,0,Unknown Coach,25
1385,Modena FC,Unknown Stadium,0,Unknown Coach,25
1386,Reggina Calcio,Unknown Stadium,0,Unknown Coach,25
34156,USV Hercules,Unknown Stadium,0,Unknown Coach,25
1388,US Ancona,Unknown Stadium,0,Unknown Coach,25
1391,Zalaegerszegi TE FC,Unknown Stadium,0,Unknown Coach,25
58739,APS Patrai,Unknown Stadium,0,Unknown Coach,25
17782,AS Pirae,Unknown Stadium,0,Unknown Coach,25
1408,Piacenza Calcio 1919,Unknown Stadium,0,Unknown Coach,25
1410,Sportfreunde Dorfmerkingen,Unknown Stadium,0,Unknown Coach,25
25987,Veensche Boys,Unknown Stadium,0,Unknown Coach,25
17797,RVVH Ridderkerk,Unknown Stadium,0,Unknown Coach,25
9605,Leatherhead FC,Unknown Stadium,0,Unknown Coach,25
1415,SSD Città di Teramo,Unknown Stadium,0,Unknown Coach,25
91531,Yadro St. Petersburg,Unknown Stadium,0,Unknown Coach,25
91532,Ilpar Ilyinsky,Unknown Stadium,0,Unknown Coach,25
9614,Östersunds FK,Unknown Stadium,0,Unknown Coach,25
26007,Olímpic Xàtiva,Unknown Stadium,0,Unknown Coach,25
50587,Metallurg Asha,Unknown Stadium,0,Unknown Coach,25
50586,Energomash Belgorod (-2018),Unknown Stadium,0,Unknown Coach,25
34205,ASD Santhià Calcio,Unknown Stadium,0,Unknown Coach,25
9627,Ethnikos Alexandroupolis,Unknown Stadium,0,Unknown Coach,25
26016,Sportlust '46 Woerden,Unknown Stadium,0,Unknown Coach,25
1443,MSK Zilina,Unknown Stadium,0,Unknown Coach,25
50600,Restavratsiya Krasnoyarsk,Unknown Stadium,0,Unknown Coach,25
91562,Jyllinge FC,Unknown Stadium,0,Unknown Coach,25
17835,MTV Eintracht Celle,Unknown Stadium,0,Unknown Coach,25
34230,Syzran-2003,Unknown Stadium,0,Unknown Coach,25
17847,VSG Altglienicke,Unknown Stadium,0,Unknown Coach,25
75190,FK Vovchansk,Unknown Stadium,0,Unknown Coach,25
1468,FV Illertissen,Unknown Stadium,0,Unknown Coach,25
26045,Club_26045,Unknown Stadium,0,Unknown Coach,25
26046,Rutherglen Glencairn FC,Unknown Stadium,0,Unknown Coach,25
9663,Excelsior '31 Rijssen,Unknown Stadium,0,Unknown Coach,25
1481,HSV Barmbek-Uhlenhorst,Unknown Stadium,0,Unknown Coach,25
83403,SE Penya Independent,Unknown Stadium,0,Unknown Coach,25
50649,SD Almazán,Unknown Stadium,0,Unknown Coach,25
42457,Club Atlético Antoniano,Unknown Stadium,0,Unknown Coach,25
9690,Bassano Virtus 55 ST,Unknown Stadium,0,Unknown Coach,25
9695,TSV Schott Mainz,Unknown Stadium,0,Unknown Coach,25
75233,Inter Cherkessk (-2021),Unknown Stadium,0,Unknown Coach,25
26091,Al-Duhail SC,Unknown Stadium,0,Unknown Coach,25
1532,Albacete Balompié,Unknown Stadium,0,Unknown Coach,25
50684,CD Coria,Unknown Stadium,0,Unknown Coach,25
1534,Club_1534,Unknown Stadium,0,Unknown Coach,25
1536,Burgos CF,Unknown Stadium,0,Unknown Coach,25
26122,Banbury United,Unknown Stadium,0,Unknown Coach,25
75275,CD Pedroñeras,Unknown Stadium,0,Unknown Coach,25
26132,UE Llagostera,Unknown Stadium,0,Unknown Coach,25
1557,Würzburger Kickers,Unknown Stadium,0,Unknown Coach,25
50713,Aris Avatou,Unknown Stadium,0,Unknown Coach,25
83483,Manises CF,Unknown Stadium,0,Unknown Coach,25
50716,Atromitos Palama,Unknown Stadium,0,Unknown Coach,25
26141,St. Andrews United FC,Unknown Stadium,0,Unknown Coach,25
26142,Blackburn United FC,Unknown Stadium,0,Unknown Coach,25
26144,Dunbar United FC,Unknown Stadium,0,Unknown Coach,25
26145,Haddington Athletic FC,Unknown Stadium,0,Unknown Coach,25
50722,Club_50722,Unknown Stadium,0,Unknown Coach,25
67107,FC Leningradets,Unknown Stadium,0,Unknown Coach,25
26147,Jeanfield Swifts FC,Unknown Stadium,0,Unknown Coach,25
17959,FC Vitebsk,Unknown Stadium,0,Unknown Coach,25
17960,Karelia Petrozavodsk,Unknown Stadium,0,Unknown Coach,25
50728,PO Fikis,Unknown Stadium,0,Unknown Coach,25
26151,Luncarty FC,Unknown Stadium,0,Unknown Coach,25
26154,Tranent FC,Unknown Stadium,0,Unknown Coach,25
83500,CP Chinato,Unknown Stadium,0,Unknown Coach,25
42546,Mons Calpe SC,Unknown Stadium,0,Unknown Coach,25
17980,Hemel Hempstead Town,Unknown Stadium,0,Unknown Coach,25
83517,Club_83517,Unknown Stadium,0,Unknown Coach,25
58946,CD Arenteiro,Unknown Stadium,0,Unknown Coach,25
58950,Nalón CF,Unknown Stadium,0,Unknown Coach,25
58953,Club_58953,Unknown Stadium,0,Unknown Coach,25
42572,DTS '35 Ede,Unknown Stadium,0,Unknown Coach,25
1622,FC Viktoria Köln,Unknown Stadium,0,Unknown Coach,25
34396,VV Hoogeveen,Unknown Stadium,0,Unknown Coach,25
9828,Daugava Daugavpils,Unknown Stadium,0,Unknown Coach,25
9829,Southport FC,Unknown Stadium,0,Unknown Coach,25
91756,Dianalund IF,Unknown Stadium,0,Unknown Coach,25
83565,FC Tuapse ( -2022),Unknown Stadium,0,Unknown Coach,25
91757,Give Fremad,Unknown Stadium,0,Unknown Coach,25
132719,Kormil Yavoriv,Unknown Stadium,0,Unknown Coach,25
91758,Söften GF,Unknown Stadium,0,Unknown Coach,25
91759,FC Nyhavn,Unknown Stadium,0,Unknown Coach,25
91760,FC Kalundborg,Unknown Stadium,0,Unknown Coach,25
91761,Skibet IF,Unknown Stadium,0,Unknown Coach,25
91762,Club_91762,Unknown Stadium,0,Unknown Coach,25
91763,Strandby-Elling-Nielstrup IF,Unknown Stadium,0,Unknown Coach,25
9849,USV Eschen/Mauren,Unknown Stadium,0,Unknown Coach,25
34429,KF Feronikeli Drenas,Unknown Stadium,0,Unknown Coach,25
34434,RKSV Wittenhorst,Unknown Stadium,0,Unknown Coach,25
34437,VV Hoogezand,Unknown Stadium,0,Unknown Coach,25
124553,Shumbrat Saransk,Unknown Stadium,0,Unknown Coach,25
67212,CF Intercity,Unknown Stadium,0,Unknown Coach,25
99984,Sakhalinets Moscow,Unknown Stadium,0,Unknown Coach,25
59024,Rodina Moscow,Unknown Stadium,0,Unknown Coach,25
67218,Almyros Gaziou,Unknown Stadium,0,Unknown Coach,25
28014,UD Poblense,Unknown Stadium,0,Unknown Coach,25
34452,FC Aalsmeer,Unknown Stadium,0,Unknown Coach,25
34455,VV Sittard,Unknown Stadium,0,Unknown Coach,25
75418,Billund IF,Unknown Stadium,0,Unknown Coach,25
34461,East Thurrock United,Unknown Stadium,0,Unknown Coach,25
34468,Metropolitan Police,Unknown Stadium,0,Unknown Coach,25
75431,Vaynakh Shali,Unknown Stadium,0,Unknown Coach,25
67241,Kuban Krasnodar,Unknown Stadium,0,Unknown Coach,25
75433,Dnipro Cherkasy,Unknown Stadium,0,Unknown Coach,25
9933,VV Katwijk,Unknown Stadium,0,Unknown Coach,25
1743,USV Elinkwijk Utrecht,Unknown Stadium,0,Unknown Coach,25
26319,Loja CD,Unknown Stadium,0,Unknown Coach,25
91860,Feniks Pidmonastyr,Unknown Stadium,0,Unknown Coach,25
26326,UE Engordany,Unknown Stadium,0,Unknown Coach,25
59102,Ermis Amynteou,Unknown Stadium,0,Unknown Coach,25
59106,AE Lefkimmis,Unknown Stadium,0,Unknown Coach,25
18154,VV Gemert,Unknown Stadium,0,Unknown Coach,25
26353,CD Huétor Tájar,Unknown Stadium,0,Unknown Coach,25
75506,Alania Vladikavkaz,Unknown Stadium,0,Unknown Coach,25
34549,AE Prat,Unknown Stadium,0,Unknown Coach,25
67321,CD Cardassar,Unknown Stadium,0,Unknown Coach,25
9981,SDC Putten,Unknown Stadium,0,Unknown Coach,25
34559,Lorca FC,Unknown Stadium,0,Unknown Coach,25
1798,Holbaek B&I,Unknown Stadium,0,Unknown Coach,25
132870,FC Novoukrainka,Unknown Stadium,0,Unknown Coach,25
132873,IRON Zaporizhya,Unknown Stadium,0,Unknown Coach,25
132877,Dengoff Denykhivka,Unknown Stadium,0,Unknown Coach,25
59151,Club_59151,Unknown Stadium,0,Unknown Coach,25
59154,Atromitos Patron,Unknown Stadium,0,Unknown Coach,25
59157,Thyella Katsikas,Unknown Stadium,0,Unknown Coach,25
59159,Smolikas Falanis,Unknown Stadium,0,Unknown Coach,25
132890,Skibsby-Højene IF,Unknown Stadium,0,Unknown Coach,25
132891,Skovsgaard B,Unknown Stadium,0,Unknown Coach,25
132892,Sködstrup SF,Unknown Stadium,0,Unknown Coach,25
132893,Aalholm IF,Unknown Stadium,0,Unknown Coach,25
132894,Snejbjerg SG&I,Unknown Stadium,0,Unknown Coach,25
132895,Nörager B,Unknown Stadium,0,Unknown Coach,25
26395,UD Tomares,Unknown Stadium,0,Unknown Coach,25
132899,Öresund Klubfodbold,Unknown Stadium,0,Unknown Coach,25
132900,Thorsager-Rönde Idraetsforening,Unknown Stadium,0,Unknown Coach,25
50983,FK Podgorica,Unknown Stadium,0,Unknown Coach,25
18216,Achilles '29,Unknown Stadium,0,Unknown Coach,25
1837,Panachaiki GE,Unknown Stadium,0,Unknown Coach,25
1839,KA Akureyri,Unknown Stadium,0,Unknown Coach,25
1842,FC Roskilde,Unknown Stadium,0,Unknown Coach,25
75596,Dinamo Vologda,Unknown Stadium,0,Unknown Coach,25
26444,SV Hemelingen,Unknown Stadium,0,Unknown Coach,25
1876,Pierikos Katerini,Unknown Stadium,0,Unknown Coach,25
18263,Taunton Town,Unknown Stadium,0,Unknown Coach,25
1881,Terrassa FC,Unknown Stadium,0,Unknown Coach,25
34649,GSD RapalloBogliasco,Unknown Stadium,0,Unknown Coach,25
26461,Dynamo Khmelnytskyi (-2013),Unknown Stadium,0,Unknown Coach,25
18272,ES Sétif,Unknown Stadium,0,Unknown Coach,25
75628,BK Odense Chang,Unknown Stadium,0,Unknown Coach,25
75629,Dronninglund IF,Unknown Stadium,0,Unknown Coach,25
75630,Club_75630,Unknown Stadium,0,Unknown Coach,25
75631,FC Sunshine,Unknown Stadium,0,Unknown Coach,25
75632,Faarvang IF,Unknown Stadium,0,Unknown Coach,25
75633,Nordfalsters Forenede Boldklubber,Unknown Stadium,0,Unknown Coach,25
75634,Club_75634,Unknown Stadium,0,Unknown Coach,25
75635,Svendborg fB - Oure FA,Unknown Stadium,0,Unknown Coach,25
1909,Holstebro Boldklub,Unknown Stadium,0,Unknown Coach,25
26488,SV Oss '20,Unknown Stadium,0,Unknown Coach,25
67453,1.FC Düren,Unknown Stadium,0,Unknown Coach,25
1918,FC Prishtina,Unknown Stadium,0,Unknown Coach,25
10118,Sorrento Calcio,Unknown Stadium,0,Unknown Coach,25
83848,Reus FC Reddis,Unknown Stadium,0,Unknown Coach,25
1931,RSV Meinerzhagen,Unknown Stadium,0,Unknown Coach,25
26507,Kastrup BK,Unknown Stadium,0,Unknown Coach,25
10131,SV Grödig,Unknown Stadium,0,Unknown Coach,25
18324,Lüneburger SK Hansa,Unknown Stadium,0,Unknown Coach,25
34711,FC Santos Tartu,Unknown Stadium,0,Unknown Coach,25
1944,VV Spijkenisse,Unknown Stadium,0,Unknown Coach,25
42907,CFJ Mollerussa,Unknown Stadium,0,Unknown Coach,25
10140,SC Covilhã,Unknown Stadium,0,Unknown Coach,25
10155,San Marino,Unknown Stadium,0,Unknown Coach,25
10157,FC Aktobe,Unknown Stadium,0,Unknown Coach,25
42928,UE Rubí,Unknown Stadium,0,Unknown Coach,25
57379,UD San Fernando,Unknown Stadium,0,Unknown Coach,25
67509,Torrent CF,Unknown Stadium,0,Unknown Coach,25
92096,CD Hernán Cortés,Unknown Stadium,0,Unknown Coach,25
51142,Thiseas Agrias,Unknown Stadium,0,Unknown Coach,25
42955,AIA-Tranbjerg,Unknown Stadium,0,Unknown Coach,25
51148,Keravnos Angelochoriou,Unknown Stadium,0,Unknown Coach,25
18385,Team Wellington (2004-2021),Unknown Stadium,0,Unknown Coach,25
83924,FK Pskov,Unknown Stadium,0,Unknown Coach,25
18393,Hienghene Sport,Unknown Stadium,0,Unknown Coach,25
83930,FC Trostyanets,Unknown Stadium,0,Unknown Coach,25
10213,SV Drochtersen/Assel,Unknown Stadium,0,Unknown Coach,25
34798,South Shields FC,Unknown Stadium,0,Unknown Coach,25
10226,1.FC Kaan-Marienborn,Unknown Stadium,0,Unknown Coach,25
26618,AER Afantou,Unknown Stadium,0,Unknown Coach,25
26619,Odysseas Kordeliou,Unknown Stadium,0,Unknown Coach,25
2049,KF Tirana,Unknown Stadium,0,Unknown Coach,25
18443,CD Don Benito,Unknown Stadium,0,Unknown Coach,25
26641,Tytan Armyansk (- 2014),Unknown Stadium,0,Unknown Coach,25
2068,Raja Club Athletic,Unknown Stadium,0,Unknown Coach,25
10262,Birkirkara FC,Unknown Stadium,0,Unknown Coach,25
67608,Humlebaek BK,Unknown Stadium,0,Unknown Coach,25
67609,FC Rudersdal,Unknown Stadium,0,Unknown Coach,25
67610,CBS Sport,Unknown Stadium,0,Unknown Coach,25
67611,Taarnby FF Youth,Unknown Stadium,0,Unknown Coach,25
67612,Hörsholm Usseröd IK,Unknown Stadium,0,Unknown Coach,25
67613,Bramdrupdam GIF,Unknown Stadium,0,Unknown Coach,25
67614,FC BiH Odense,Unknown Stadium,0,Unknown Coach,25
43032,FC Bruno's Magpies,Unknown Stadium,0,Unknown Coach,25
75803,Móstoles CF,Unknown Stadium,0,Unknown Coach,25
75807,Ishöj IF,Unknown Stadium,0,Unknown Coach,25
2085,FV Engers 07,Unknown Stadium,0,Unknown Coach,25
18470,FC Rijnvogels Katwijk,Unknown Stadium,0,Unknown Coach,25
34860,Yate Town,Unknown Stadium,0,Unknown Coach,25
10284,SC Weiche Flensburg 08,Unknown Stadium,0,Unknown Coach,25
116786,Sokol Kazan,Unknown Stadium,0,Unknown Coach,25
10301,FC Pyunik Yerevan,Unknown Stadium,0,Unknown Coach,25
34888,Salford City,Unknown Stadium,0,Unknown Coach,25
18506,Metalurg Skopje,Unknown Stadium,0,Unknown Coach,25
26720,Rushall Olympic,Unknown Stadium,0,Unknown Coach,25
2150,Al-Ain FC,Unknown Stadium,0,Unknown Coach,25
26726,Krystal Kherson,Unknown Stadium,0,Unknown Coach,25
2156,AEK Larnaca,Unknown Stadium,0,Unknown Coach,25
2162,SC Hauenstein,Unknown Stadium,0,Unknown Coach,25
59506,Club_59506,Unknown Stadium,0,Unknown Coach,25
51316,FC Kosice,Unknown Stadium,0,Unknown Coach,25
84090,Panagriniakos,Unknown Stadium,0,Unknown Coach,25
84091,AE Mykonou,Unknown Stadium,0,Unknown Coach,25
84092,Finikas Neas Epidavrou,Unknown Stadium,0,Unknown Coach,25
51327,AC Rezzato,Unknown Stadium,0,Unknown Coach,25
59522,PSK Dinskaya,Unknown Stadium,0,Unknown Coach,25
59524,Ararat Moskow (-2020),Unknown Stadium,0,Unknown Coach,25
84101,Bredballe IF,Unknown Stadium,0,Unknown Coach,25
26761,Club_26761,Unknown Stadium,0,Unknown Coach,25
10381,1.FC Germania Egestorf/Langreder,Unknown Stadium,0,Unknown Coach,25
10390,Sanremese Calcio,Unknown Stadium,0,Unknown Coach,25
10391,Eastleigh FC,Unknown Stadium,0,Unknown Coach,25
18586,Blauw Geel '38 / Jumbo,Unknown Stadium,0,Unknown Coach,25
43162,FK Liepaja,Unknown Stadium,0,Unknown Coach,25
34979,VV De Zouaven,Unknown Stadium,0,Unknown Coach,25
26789,FC Pro Vercelli 1892,Unknown Stadium,0,Unknown Coach,25
67751,CD Ibiza Islas Pitiusas,Unknown Stadium,0,Unknown Coach,25
67752,Calvo Sotelo Puertollano CF,Unknown Stadium,0,Unknown Coach,25
10408,Thyella Patron,Unknown Stadium,0,Unknown Coach,25
18603,TuS Bersenbrück,Unknown Stadium,0,Unknown Coach,25
2230,CS Grevenmacher,Unknown Stadium,0,Unknown Coach,25
2250,AC Prato,Unknown Stadium,0,Unknown Coach,25
2251,Treviso FBC 1993,Unknown Stadium,0,Unknown Coach,25
2253,SEF Torres 1903,Unknown Stadium,0,Unknown Coach,25
2259,Lokomotiv Plovdiv,Unknown Stadium,0,Unknown Coach,25
26837,SV Morlautern,Unknown Stadium,0,Unknown Coach,25
2262,Plymouth Argyle,Unknown Stadium,0,Unknown Coach,25
2275,Turun Palloseura,Unknown Stadium,0,Unknown Coach,25
10468,Stal Alchevsk (-2014),Unknown Stadium,0,Unknown Coach,25
26854,Asteras Magoulas,Unknown Stadium,0,Unknown Coach,25
100583,Mosede BK,Unknown Stadium,0,Unknown Coach,25
100584,Saaby Fodbold,Unknown Stadium,0,Unknown Coach,25
100585,Tune IF,Unknown Stadium,0,Unknown Coach,25
100586,Club_100586,Unknown Stadium,0,Unknown Coach,25
26860,SC Caronnese,Unknown Stadium,0,Unknown Coach,25
18669,Penya Deportiva Santa Eulalia,Unknown Stadium,0,Unknown Coach,25
18673,HVV Hollandia,Unknown Stadium,0,Unknown Coach,25
10480,Shakhter Karaganda,Unknown Stadium,0,Unknown Coach,25
10481,Tobol Kostanay,Unknown Stadium,0,Unknown Coach,25
10482,Kairat Almaty,Unknown Stadium,0,Unknown Coach,25
2296,CD Numancia,Unknown Stadium,0,Unknown Coach,25
18687,CD Atlético Baleares,Unknown Stadium,0,Unknown Coach,25
18688,Atlético Granadilla,Unknown Stadium,0,Unknown Coach,25
18690,CD Izarra,Unknown Stadium,0,Unknown Coach,25
18691,Club Portugalete,Unknown Stadium,0,Unknown Coach,25
26883,USD Sestri Levante 1919,Unknown Stadium,0,Unknown Coach,25
18693,SD Ejea,Unknown Stadium,0,Unknown Coach,25
18699,Sport-Union Neckarsulm,Unknown Stadium,0,Unknown Coach,25
100630,Club_100630,Unknown Stadium,0,Unknown Coach,25
10518,Sauchie Juniors FC,Unknown Stadium,0,Unknown Coach,25
2331,AS Avellino 1912,Unknown Stadium,0,Unknown Coach,25
10531,Sioni Bolnisi,Unknown Stadium,0,Unknown Coach,25
10532,B36 Tórshavn,Unknown Stadium,0,Unknown Coach,25
43306,LONGA '30,Unknown Stadium,0,Unknown Coach,25
10540,Irtysh Pavlodar (-2020),Unknown Stadium,0,Unknown Coach,25
26937,FC Skanderborg,Unknown Stadium,0,Unknown Coach,25
67901,AS Giannitsa,Unknown Stadium,0,Unknown Coach,25
10558,Carnoustie Panmure JFC,Unknown Stadium,0,Unknown Coach,25
108867,Club_108867,Unknown Stadium,0,Unknown Coach,25
2374,Shinnik Yaroslavl,Unknown Stadium,0,Unknown Coach,25
84296,CD Sant Jordi,Unknown Stadium,0,Unknown Coach,25
26955,USD Olginatese,Unknown Stadium,0,Unknown Coach,25
26957,SV Rödinghausen,Unknown Stadium,0,Unknown Coach,25
10580,Inverurie Loco Works FC,Unknown Stadium,0,Unknown Coach,25
84311,Höjslev Station IF,Unknown Stadium,0,Unknown Coach,25
84312,Club_84312,Unknown Stadium,0,Unknown Coach,25
84313,Bispebjerg Boldklub,Unknown Stadium,0,Unknown Coach,25
84314,FC ESPM,Unknown Stadium,0,Unknown Coach,25
84315,Susaa IF,Unknown Stadium,0,Unknown Coach,25
84316,Club_84316,Unknown Stadium,0,Unknown Coach,25
35164,CD Marino,Unknown Stadium,0,Unknown Coach,25
10586,Aris Limassol,Unknown Stadium,0,Unknown Coach,25
10589,SV Roßbach/Verscheid,Unknown Stadium,0,Unknown Coach,25
26973,AO Glyfadas,Unknown Stadium,0,Unknown Coach,25
67939,Viktoriya Sumy,Unknown Stadium,0,Unknown Coach,25
10597,Lothian Thistle Hutchison Vale FC,Unknown Stadium,0,Unknown Coach,25
76135,Avangard Bziv,Unknown Stadium,0,Unknown Coach,25
26985,NK Bravo,Unknown Stadium,0,Unknown Coach,25
10603,Floriana FC,Unknown Stadium,0,Unknown Coach,25
10604,Hibernians FC,Unknown Stadium,0,Unknown Coach,25
2413,Bury FC,Unknown Stadium,0,Unknown Coach,25
59757,CD Arnedo,Unknown Stadium,0,Unknown Coach,25
10605,Marsaxlokk FC,Unknown Stadium,0,Unknown Coach,25
10607,AC Juvenes-Dogana,Unknown Stadium,0,Unknown Coach,25
2421,SC Freamunde,Unknown Stadium,0,Unknown Coach,25
10613,AC Virtus Acquaviva,Unknown Stadium,0,Unknown Coach,25
10616,AC Libertas,Unknown Stadium,0,Unknown Coach,25
10617,Tre Fiori FC,Unknown Stadium,0,Unknown Coach,25
35197,Merstham FC,Unknown Stadium,0,Unknown Coach,25
84351,FIUK Odense,Unknown Stadium,0,Unknown Coach,25
2432,SC União Torreense,Unknown Stadium,0,Unknown Coach,25
18818,FC Chabab,Unknown Stadium,0,Unknown Coach,25
10625,Qarabağ FK,Unknown Stadium,0,Unknown Coach,25
2436,Macclesfield Town FC,Unknown Stadium,0,Unknown Coach,25
10627,FC Orel,Unknown Stadium,0,Unknown Coach,25
67975,FK Avtofavorit Pskov,Unknown Stadium,0,Unknown Coach,25
67976,Krasniy-SGAFKST Smolensk,Unknown Stadium,0,Unknown Coach,25
10639,MIKA Ashtarak,Unknown Stadium,0,Unknown Coach,25
2454,Doncaster Rovers,Unknown Stadium,0,Unknown Coach,25
2455,Bristol Rovers,Unknown Stadium,0,Unknown Coach,25
18843,VV Berkum,Unknown Stadium,0,Unknown Coach,25
18845,VV SVBO Emmen,Unknown Stadium,0,Unknown Coach,25
27045,Maldon & Tiptree FC,Unknown Stadium,0,Unknown Coach,25
10670,AS Melfi,Unknown Stadium,0,Unknown Coach,25
2481,FC Sheriff Tiraspol,Unknown Stadium,0,Unknown Coach,25
43454,Juventud Torremolinos CF,Unknown Stadium,0,Unknown Coach,25
10688,Sibir Novosibirsk (- 2019),Unknown Stadium,0,Unknown Coach,25
68037,Khimik-August Vurnary (-2024),Unknown Stadium,0,Unknown Coach,25
2502,CD Castellón,Unknown Stadium,0,Unknown Coach,25
100805,AO Chaniotis,Unknown Stadium,0,Unknown Coach,25
35273,PAO Vardas,Unknown Stadium,0,Unknown Coach,25
10693,FK Baku,Unknown Stadium,0,Unknown Coach,25
10694,FC Gomel,Unknown Stadium,0,Unknown Coach,25
10695,Shakhter Soligorsk,Unknown Stadium,0,Unknown Coach,25
27088,HV & CV Quick,Unknown Stadium,0,Unknown Coach,25
10715,RKSV Mierlo-Hout Helmond,Unknown Stadium,0,Unknown Coach,25
2524,Al-Jazira Club,Unknown Stadium,0,Unknown Coach,25
10716,VV Kloetinge,Unknown Stadium,0,Unknown Coach,25
68062,UD Tamaraceite,Unknown Stadium,0,Unknown Coach,25
10718,FC Andorra,Unknown Stadium,0,Unknown Coach,25
10719,FC Zestafoni,Unknown Stadium,0,Unknown Coach,25
27103,SV Venray,Unknown Stadium,0,Unknown Coach,25
2531,Botev Plovdiv,Unknown Stadium,0,Unknown Coach,25
27114,KF Egnatia,Unknown Stadium,0,Unknown Coach,25
2540,VfV 06 Hildesheim,Unknown Stadium,0,Unknown Coach,25
27116,FK Kukësi,Unknown Stadium,0,Unknown Coach,25
10734,The New Saints,Unknown Stadium,0,Unknown Coach,25
27118,FK Jelgava,Unknown Stadium,0,Unknown Coach,25
35312,Drumchapel United FC,Unknown Stadium,0,Unknown Coach,25
43502,Chertanovo Moscow,Unknown Stadium,0,Unknown Coach,25
76277,Club_76277,Unknown Stadium,0,Unknown Coach,25
68091,AE Neapolis,Unknown Stadium,0,Unknown Coach,25
10747,SP Tre Penne,Unknown Stadium,0,Unknown Coach,25
76284,Atromitos Agiou Georgiou,Unknown Stadium,0,Unknown Coach,25
10752,EB/Streymur,Unknown Stadium,0,Unknown Coach,25
18950,SS Matera Calcio,Unknown Stadium,0,Unknown Coach,25
43532,FK Tuzla City,Unknown Stadium,0,Unknown Coach,25
2573,FK Zeljeznicar Sarajevo,Unknown Stadium,0,Unknown Coach,25
2575,Clyde FC,Unknown Stadium,0,Unknown Coach,25
2577,Hartlepool United,Unknown Stadium,0,Unknown Coach,25
18963,Spartak Myjava,Unknown Stadium,0,Unknown Coach,25
11910,UE Sant Julia,Unknown Stadium,0,Unknown Coach,25
2581,Mantova 1911,Unknown Stadium,0,Unknown Coach,25
10780,FV Ravensburg,Unknown Stadium,0,Unknown Coach,25
2589,SG Sonnenhof Großaspach,Unknown Stadium,0,Unknown Coach,25
43552,Ethnikos Neou Keramidiou,Unknown Stadium,0,Unknown Coach,25
10790,ASWH Ambacht,Unknown Stadium,0,Unknown Coach,25
10791,Renova Dzepciste,Unknown Stadium,0,Unknown Coach,25
10794,SHO Oud Beijerland,Unknown Stadium,0,Unknown Coach,25
10796,VV Dubbeldam,Unknown Stadium,0,Unknown Coach,25
10803,SV Spakenburg,Unknown Stadium,0,Unknown Coach,25
10804,Sparta Nijkerk,Unknown Stadium,0,Unknown Coach,25
10806,VVOG Harderwijk,Unknown Stadium,0,Unknown Coach,25
2639,União de Leiria,Unknown Stadium,0,Unknown Coach,25
35411,AO Kassiopi,Unknown Stadium,0,Unknown Coach,25
2643,ZFC Meuselwitz,Unknown Stadium,0,Unknown Coach,25
10836,Stenlöse Boldklub,Unknown Stadium,0,Unknown Coach,25
35415,Eginiakos,Unknown Stadium,0,Unknown Coach,25
27227,Lokomotyv Kyiv,Unknown Stadium,0,Unknown Coach,25
2652,SV Falkensee/Finkenkrug,Unknown Stadium,0,Unknown Coach,25
2655,Vicenza Calcio,Unknown Stadium,0,Unknown Coach,25
35423,Diagoras Vrachneikon,Unknown Stadium,0,Unknown Coach,25
35429,Ethnikos Sochou,Unknown Stadium,0,Unknown Coach,25
2662,SKN St. Pölten,Unknown Stadium,0,Unknown Coach,25
10854,FC Santa Coloma,Unknown Stadium,0,Unknown Coach,25
43624,WAVV Wageningen,Unknown Stadium,0,Unknown Coach,25
35433,Kampaniakos,Unknown Stadium,0,Unknown Coach,25
2669,FS Kozani,Unknown Stadium,0,Unknown Coach,25
2670,Ethnikos Piraeus,Unknown Stadium,0,Unknown Coach,25
76399,AD Lobón,Unknown Stadium,0,Unknown Coach,25
76400,UD Gran Tarajal,Unknown Stadium,0,Unknown Coach,25
2675,Proodeftiki Neolea,Unknown Stadium,0,Unknown Coach,25
35444,Orfeas Xanthis,Unknown Stadium,0,Unknown Coach,25
2679,Ethnikos Sidirokastrou,Unknown Stadium,0,Unknown Coach,25
35450,Pyrasos Neas Agchialou,Unknown Stadium,0,Unknown Coach,25
35452,Thesprotos Igoumenitsas,Unknown Stadium,0,Unknown Coach,25
2688,Myllykosken Pallo -47,Unknown Stadium,0,Unknown Coach,25
10883,Mladost Podgorica,Unknown Stadium,0,Unknown Coach,25
35460,AO Kyanous Asteras Varis,Unknown Stadium,0,Unknown Coach,25
10895,Buxton FC,Unknown Stadium,0,Unknown Coach,25
2705,Lada Togliatti,Unknown Stadium,0,Unknown Coach,25
19090,FC Tskhinvali,Unknown Stadium,0,Unknown Coach,25
35475,AO Porou,Unknown Stadium,0,Unknown Coach,25
35476,AO Trachones Alimou,Unknown Stadium,0,Unknown Coach,25
35473,Pamisos Messinis,Unknown Stadium,0,Unknown Coach,25
2712,Nyva Ternopil,Unknown Stadium,0,Unknown Coach,25
2714,FC Zimbru Chisinau,Unknown Stadium,0,Unknown Coach,25
10907,Zamora CF,Unknown Stadium,0,Unknown Coach,25
2721,US Alessandria Calcio 1912,Unknown Stadium,0,Unknown Coach,25
35492,AE Mesolongiou,Unknown Stadium,0,Unknown Coach,25
2725,CD Ourense,Unknown Stadium,0,Unknown Coach,25
2726,Paniliakos Pyrgos,Unknown Stadium,0,Unknown Coach,25
10918,Tved BK,Unknown Stadium,0,Unknown Coach,25
2737,Saturn Ramenskoe,Unknown Stadium,0,Unknown Coach,25
2742,Obolon Kyiv (-2012),Unknown Stadium,0,Unknown Coach,25
10935,Dalbeattie Star FC,Unknown Stadium,0,Unknown Coach,25
73816,RKSV Groen Wit Breda,Unknown Stadium,0,Unknown Coach,25
68289,Znamya Noginsk,Unknown Stadium,0,Unknown Coach,25
10948,Guangzhou Evergrande Taobao,Unknown Stadium,0,Unknown Coach,25
92869,CE Atlètic Lleida,Unknown Stadium,0,Unknown Coach,25
10954,Aabyhöj IF,Unknown Stadium,0,Unknown Coach,25
10956,Staines Town FC,Unknown Stadium,0,Unknown Coach,25
2773,1.FC Phönix Lübeck,Unknown Stadium,0,Unknown Coach,25
27349,ASD Chieri Calcio,Unknown Stadium,0,Unknown Coach,25
10968,BFC Viktoria 89 (- 2013),Unknown Stadium,0,Unknown Coach,25
35545,FK Iskra Danilovgrad,Unknown Stadium,0,Unknown Coach,25
19164,Paganese Calcio 1926,Unknown Stadium,0,Unknown Coach,25
2782,JFK Ventspils,Unknown Stadium,0,Unknown Coach,25
2784,APOEL Nicosia,Unknown Stadium,0,Unknown Coach,25
2785,Hapoel Ramat Gan,Unknown Stadium,0,Unknown Coach,25
2793,Southend United,Unknown Stadium,0,Unknown Coach,25
2794,Havant & Waterlooville FC,Unknown Stadium,0,Unknown Coach,25
2795,Raith Rovers FC,Unknown Stadium,0,Unknown Coach,25
2796,Woking FC,Unknown Stadium,0,Unknown Coach,25
2797,Ebbsfleet United,Unknown Stadium,0,Unknown Coach,25
2801,Berwick Rangers FC,Unknown Stadium,0,Unknown Coach,25
2802,Airdrieonians FC,Unknown Stadium,0,Unknown Coach,25
2804,Barnet FC,Unknown Stadium,0,Unknown Coach,25
2805,Wycombe Wanderers,Unknown Stadium,0,Unknown Coach,25
11000,CD Lugo,Unknown Stadium,0,Unknown Coach,25
2814,Gillingham FC,Unknown Stadium,0,Unknown Coach,25
2815,Flevo Boys Emmeloord,Unknown Stadium,0,Unknown Coach,25
76545,Alexandroupolis FC,Unknown Stadium,0,Unknown Coach,25
2821,FC Lisse,Unknown Stadium,0,Unknown Coach,25
51975,AFC Amsterdam Zaterdag,Unknown Stadium,0,Unknown Coach,25
2826,SC Feyenoord Rotterdam,Unknown Stadium,0,Unknown Coach,25
2838,AFC Amsterdam,Unknown Stadium,0,Unknown Coach,25
60184,Vyron Kavalas,Unknown Stadium,0,Unknown Coach,25
117533,Stroitel Kamensk-Shakhtinskiy,Unknown Stadium,0,Unknown Coach,25
19231,HBS Craeyenhout,Unknown Stadium,0,Unknown Coach,25
2848,RKHVV Huissen,Unknown Stadium,0,Unknown Coach,25
11040,FK Radnik Bijeljina,Unknown Stadium,0,Unknown Coach,25
2855,SD Compostela,Unknown Stadium,0,Unknown Coach,25
35626,Sarnese 1926,Unknown Stadium,0,Unknown Coach,25
11055,FC Lienden,Unknown Stadium,0,Unknown Coach,25
2867,Recreativo Huelva,Unknown Stadium,0,Unknown Coach,25
2870,VV Smitshoek Barendrecht,Unknown Stadium,0,Unknown Coach,25
27448,CD Roda,Unknown Stadium,0,Unknown Coach,25
2873,Club_2873,Unknown Stadium,0,Unknown Coach,25
11065,FK Decic Tuzi,Unknown Stadium,0,Unknown Coach,25
2878,SV Huizen,Unknown Stadium,0,Unknown Coach,25
2879,Be Quick 1887,Unknown Stadium,0,Unknown Coach,25
76609,Sheppey United,Unknown Stadium,0,Unknown Coach,25
60225,UD Ourense,Unknown Stadium,0,Unknown Coach,25
11075,RKVV Westlandia Naaldwijk,Unknown Stadium,0,Unknown Coach,25
27462,AC Este 1920,Unknown Stadium,0,Unknown Coach,25
11085,Real SC,Unknown Stadium,0,Unknown Coach,25
43857,OFC Oostzaan,Unknown Stadium,0,Unknown Coach,25
68436,Thraki Feron,Unknown Stadium,0,Unknown Coach,25
68437,Anagennisi Plagias,Unknown Stadium,0,Unknown Coach,25
68442,Iraklis Polykarpis,Unknown Stadium,0,Unknown Coach,25
68443,AE Xirovouniou,Unknown Stadium,0,Unknown Coach,25
68444,OF Agiou Mattheou,Unknown Stadium,0,Unknown Coach,25
68446,Iraklis Elefsinas,Unknown Stadium,0,Unknown Coach,25
19294,Kaysar Kyzylorda,Unknown Stadium,0,Unknown Coach,25
68448,AE Vathyllou-Pansamiakou,Unknown Stadium,0,Unknown Coach,25
68449,AS Antimachos Kos,Unknown Stadium,0,Unknown Coach,25
68447,PO Dafni Dafnona,Unknown Stadium,0,Unknown Coach,25
11107,Videoton FC,Unknown Stadium,0,Unknown Coach,25
19301,CD Teruel,Unknown Stadium,0,Unknown Coach,25
2923,CD Badajoz,Unknown Stadium,0,Unknown Coach,25
2925,FC Lahti,Unknown Stadium,0,Unknown Coach,25
2929,CD Toledo,Unknown Stadium,0,Unknown Coach,25
11121,Dinamo Bryansk,Unknown Stadium,0,Unknown Coach,25
11122,Avangard Kursk,Unknown Stadium,0,Unknown Coach,25
11123,Mashuk-KMV Pyatigorsk,Unknown Stadium,0,Unknown Coach,25
11125,Tekstilshchik Ivanovo,Unknown Stadium,0,Unknown Coach,25
11135,Nosta Novotroitsk,Unknown Stadium,0,Unknown Coach,25
2945,OJC Rosmalen,Unknown Stadium,0,Unknown Coach,25
2950,FC Samtredia,Unknown Stadium,0,Unknown Coach,25
27525,Santarcangelo Calcio,Unknown Stadium,0,Unknown Coach,25
11143,Bishop's Stortford FC,Unknown Stadium,0,Unknown Coach,25
2958,ACV Assen,Unknown Stadium,0,Unknown Coach,25
2962,Altrincham FC,Unknown Stadium,0,Unknown Coach,25
2963,Burton Albion,Unknown Stadium,0,Unknown Coach,25
2964,Scunthorpe United,Unknown Stadium,0,Unknown Coach,25
101273,AE Kydonias,Unknown Stadium,0,Unknown Coach,25
2976,Hapoel Beer Sheva,Unknown Stadium,0,Unknown Coach,25
19367,Tritium Calcio 1908,Unknown Stadium,0,Unknown Coach,25
2984,Egaleo FC,Unknown Stadium,0,Unknown Coach,25
11177,Fleetwood Town,Unknown Stadium,0,Unknown Coach,25
27561,US Adriese 1906,Unknown Stadium,0,Unknown Coach,25
43957,FC Stumbras Kaunas (- 2019),Unknown Stadium,0,Unknown Coach,25
3000,East Stirlingshire FC,Unknown Stadium,0,Unknown Coach,25
3001,Queen of the South FC,Unknown Stadium,0,Unknown Coach,25
60350,Salerm Puente Genil FC,Unknown Stadium,0,Unknown Coach,25
3012,Stenhousemuir FC,Unknown Stadium,0,Unknown Coach,25
60356,Unami CP,Unknown Stadium,0,Unknown Coach,25
3014,Albion Rovers FC,Unknown Stadium,0,Unknown Coach,25
3015,Annan Athletic FC,Unknown Stadium,0,Unknown Coach,25
3016,Forfar Athletic FC,Unknown Stadium,0,Unknown Coach,25
3020,Alloa Athletic FC,Unknown Stadium,0,Unknown Coach,25
3021,Arbroath FC,Unknown Stadium,0,Unknown Coach,25
52173,CD Rincón,Unknown Stadium,0,Unknown Coach,25
3023,Dumbarton FC,Unknown Stadium,0,Unknown Coach,25
3024,East Fife FC,Unknown Stadium,0,Unknown Coach,25
109516,Pobeda Khasavyurt,Unknown Stadium,0,Unknown Coach,25
3026,Greenock Morton FC,Unknown Stadium,0,Unknown Coach,25
3027,Cowdenbeath FC,Unknown Stadium,0,Unknown Coach,25
3028,Elgin City FC,Unknown Stadium,0,Unknown Coach,25
11215,OFK Olimpik Novi Grad - Sarajevo,Unknown Stadium,0,Unknown Coach,25
3030,Montrose FC,Unknown Stadium,0,Unknown Coach,25
3031,Queen's Park FC,Unknown Stadium,0,Unknown Coach,25
3032,Peterhead FC,Unknown Stadium,0,Unknown Coach,25
3033,Stirling Albion FC,Unknown Stadium,0,Unknown Coach,25
3034,Stranraer FC,Unknown Stadium,0,Unknown Coach,25
3037,Calcio Padova,Unknown Stadium,0,Unknown Coach,25
68575,CD Atlético Paso,Unknown Stadium,0,Unknown Coach,25
3052,Sutton United,Unknown Stadium,0,Unknown Coach,25
3053,Northwich Victoria,Unknown Stadium,0,Unknown Coach,25
3054,Shrewsbury Town,Unknown Stadium,0,Unknown Coach,25
3055,Basingstoke Town,Unknown Stadium,0,Unknown Coach,25
11245,UD San Sebastián de los Reyes,Unknown Stadium,0,Unknown Coach,25
101362,PFC Zvyagel,Unknown Stadium,0,Unknown Coach,25
11251,Whitburn FC,Unknown Stadium,0,Unknown Coach,25
3064,Hereford United (- 2014),Unknown Stadium,0,Unknown Coach,25
11259,CD Alcoyano,Unknown Stadium,0,Unknown Coach,25
3070,FK Sutjeska Niksic,Unknown Stadium,0,Unknown Coach,25
27657,FC Francavilla 1931,Unknown Stadium,0,Unknown Coach,25
101401,Asteras Kesarianis,Unknown Stadium,0,Unknown Coach,25
11310,Slough Town,Unknown Stadium,0,Unknown Coach,25
11312,HHC Hardenberg,Unknown Stadium,0,Unknown Coach,25
19522,VPV Purmersteijn,Unknown Stadium,0,Unknown Coach,25
11337,Foligno Calcio,Unknown Stadium,0,Unknown Coach,25
11344,Dinamo Batumi,Unknown Stadium,0,Unknown Coach,25
27738,Herstedoster IC,Unknown Stadium,0,Unknown Coach,25
35935,CD Palencia Cristo Atlético,Unknown Stadium,0,Unknown Coach,25
19553,MVV Alcides,Unknown Stadium,0,Unknown Coach,25
44129,SD Formentera,Unknown Stadium,0,Unknown Coach,25
35941,Volgar-Astrakhan Astrakhan,Unknown Stadium,0,Unknown Coach,25
19559,VV De Valk,Unknown Stadium,0,Unknown Coach,25
68715,PAS Kitheronas Kaparelliou,Unknown Stadium,0,Unknown Coach,25
11379,Gala Fairydean Rovers FC,Unknown Stadium,0,Unknown Coach,25
3189,Ilves Tampere,Unknown Stadium,0,Unknown Coach,25
3194,Brechin City FC,Unknown Stadium,0,Unknown Coach,25
27774,Cork City FC,Unknown Stadium,0,Unknown Coach,25
11391,Auckland City FC,Unknown Stadium,0,Unknown Coach,25
76928,AO Pyliou,Unknown Stadium,0,Unknown Coach,25
68742,SV Walcheren Vlissingen,Unknown Stadium,0,Unknown Coach,25
44167,RKAVV Leidschendam,Unknown Stadium,0,Unknown Coach,25
109709,SSh Leningradets,Unknown Stadium,0,Unknown Coach,25
76942,CF Panadería Pulido,Unknown Stadium,0,Unknown Coach,25
11407,Gloucester City,Unknown Stadium,0,Unknown Coach,25
11411,FC Urartu Yerevan,Unknown Stadium,0,Unknown Coach,25
11422,CE Sabadell FC,Unknown Stadium,0,Unknown Coach,25
44194,Villarrubia CF,Unknown Stadium,0,Unknown Coach,25
3237,KR Reykjavík,Unknown Stadium,0,Unknown Coach,25
93349,Amur-2010 Blagoveshchensk (-2014),Unknown Stadium,0,Unknown Coach,25
3239,UE Lleida (- 2011),Unknown Stadium,0,Unknown Coach,25
19627,FK Horizont Turnovo,Unknown Stadium,0,Unknown Coach,25
3243,KamAZ Naberezhnye Chelny,Unknown Stadium,0,Unknown Coach,25
52397,Unionistas CF,Unknown Stadium,0,Unknown Coach,25
11435,Chikhura Sachkhere,Unknown Stadium,0,Unknown Coach,25
11438,Harrow Borough FC,Unknown Stadium,0,Unknown Coach,25
3258,Shamrock Rovers,Unknown Stadium,0,Unknown Coach,25
60605,UD Sámano,Unknown Stadium,0,Unknown Coach,25
3262,Germany,Unknown Stadium,0,Unknown Coach,25
44223,AS Giana Erminio,Unknown Stadium,0,Unknown Coach,25
27843,Bala Town,Unknown Stadium,0,Unknown Coach,25
60613,CP Parla Escuela - Fair Play,Unknown Stadium,0,Unknown Coach,25
60614,CF San Agustín,Unknown Stadium,0,Unknown Coach,25
101576,2DROTS Moskau,Unknown Stadium,0,Unknown Coach,25
101577,Amkal Moskau,Unknown Stadium,0,Unknown Coach,25
101579,Nefis Kazan,Unknown Stadium,0,Unknown Coach,25
101580,Peresvet-Trekhgorka Domodedovo,Unknown Stadium,0,Unknown Coach,25
101578,Zhasmin Mikhaylovsk,Unknown Stadium,0,Unknown Coach,25
101582,Temp Barnaul,Unknown Stadium,0,Unknown Coach,25
101581,SSh-7 Karelia,Unknown Stadium,0,Unknown Coach,25
11479,SS Folgore/Falciano,Unknown Stadium,0,Unknown Coach,25
36060,CD Mensajero,Unknown Stadium,0,Unknown Coach,25
11487,VV Haaglandia Zondag (- 2017),Unknown Stadium,0,Unknown Coach,25
3299,England,Unknown Stadium,0,Unknown Coach,25
3300,Portugal,Unknown Stadium,0,Unknown Coach,25
11495,Ajax Amateurs,Unknown Stadium,0,Unknown Coach,25
52458,Urraca CF,Unknown Stadium,0,Unknown Coach,25
3308,Panelefsiniakos AO,Unknown Stadium,0,Unknown Coach,25
3326,AD Fafe,Unknown Stadium,0,Unknown Coach,25
101634,FC Khust,Unknown Stadium,0,Unknown Coach,25
36110,Magreb '90,Unknown Stadium,0,Unknown Coach,25
3342,Esperance Tunis,Unknown Stadium,0,Unknown Coach,25
101648,CD Extremadura 1924,Unknown Stadium,0,Unknown Coach,25
3345,Leixões SC,Unknown Stadium,0,Unknown Coach,25
52498,AO Karavas,Unknown Stadium,0,Unknown Coach,25
3348,CD Trofense,Unknown Stadium,0,Unknown Coach,25
11540,NSÍ Runavík,Unknown Stadium,0,Unknown Coach,25
77079,UD Montijo,Unknown Stadium,0,Unknown Coach,25
60697,RKVV Erp,Unknown Stadium,0,Unknown Coach,25
27932,MITOS Novocherkassk (-2016),Unknown Stadium,0,Unknown Coach,25
85287,Macclesfield FC,Unknown Stadium,0,Unknown Coach,25
36136,FC Veris Chisinau,Unknown Stadium,0,Unknown Coach,25
52520,FK Metalurg Zaporizhya,Unknown Stadium,0,Unknown Coach,25
3371,Cheltenham Town,Unknown Stadium,0,Unknown Coach,25
52521,Egeas Plomariou,Unknown Stadium,0,Unknown Coach,25
93481,San Tirso SD,Unknown Stadium,0,Unknown Coach,25
3375,Spain,Unknown Stadium,0,Unknown Coach,25
3376,Italy,Unknown Stadium,0,Unknown Coach,25
3377,France,Unknown Stadium,0,Unknown Coach,25
3378,Greece,Unknown Stadium,0,Unknown Coach,25
3379,Netherlands,Unknown Stadium,0,Unknown Coach,25
3380,Scotland,Unknown Stadium,0,Unknown Coach,25
3381,Turkiye,Unknown Stadium,0,Unknown Coach,25
3382,Belgium,Unknown Stadium,0,Unknown Coach,25
3383,Austria,Unknown Stadium,0,Unknown Coach,25
3384,Switzerland,Unknown Stadium,0,Unknown Coach,25
3386,Agrotikos Asteras,Unknown Stadium,0,Unknown Coach,25
44349,AVV Swift,Unknown Stadium,0,Unknown Coach,25
3391,AO Kavala,Unknown Stadium,0,Unknown Coach,25
3392,Apollon Pontou,Unknown Stadium,0,Unknown Coach,25
3396,Ethnikos Asteras,Unknown Stadium,0,Unknown Coach,25
19780,Dunav Ruse,Unknown Stadium,0,Unknown Coach,25
11590,Gernika Club,Unknown Stadium,0,Unknown Coach,25
44360,Araz-Nakhchivan,Unknown Stadium,0,Unknown Coach,25
11596,AD Alcorcón,Unknown Stadium,0,Unknown Coach,25
11601,Marino Luanco,Unknown Stadium,0,Unknown Coach,25
3410,Excelsior Maassluis,Unknown Stadium,0,Unknown Coach,25
11602,CP Cacereño,Unknown Stadium,0,Unknown Coach,25
52566,AEEK SYNKA,Unknown Stadium,0,Unknown Coach,25
11608,SD Beasain,Unknown Stadium,0,Unknown Coach,25
11615,CD Guijuelo,Unknown Stadium,0,Unknown Coach,25
11623,CD Laguna,Unknown Stadium,0,Unknown Coach,25
3433,Australia,Unknown Stadium,0,Unknown Coach,25
3434,Cameroon,Unknown Stadium,0,Unknown Coach,25
3435,Japan,Unknown Stadium,0,Unknown Coach,25
3436,Denmark,Unknown Stadium,0,Unknown Coach,25
3437,Argentina,Unknown Stadium,0,Unknown Coach,25
3438,Serbia,Unknown Stadium,0,Unknown Coach,25
3439,Brazil,Unknown Stadium,0,Unknown Coach,25
3440,Norway,Unknown Stadium,0,Unknown Coach,25
3441,Ghana,Unknown Stadium,0,Unknown Coach,25
3442,Poland,Unknown Stadium,0,Unknown Coach,25
3443,Finland,Unknown Stadium,0,Unknown Coach,25
3444,Nigeria,Unknown Stadium,0,Unknown Coach,25
3445,Czech Republic,Unknown Stadium,0,Unknown Coach,25
3446,Bosnia-Herzegovina,Unknown Stadium,0,Unknown Coach,25
3447,Romania,Unknown Stadium,0,Unknown Coach,25
3448,Russia,Unknown Stadium,0,Unknown Coach,25
3449,Uruguay,Unknown Stadium,0,Unknown Coach,25
77180,CB Ramón y Cajal,Unknown Stadium,0,Unknown Coach,25
85373,Club_85373,Unknown Stadium,0,Unknown Coach,25
3454,Kingstonian FC,Unknown Stadium,0,Unknown Coach,25
3455,Forest Green Rovers,Unknown Stadium,0,Unknown Coach,25
3456,Gateshead FC,Unknown Stadium,0,Unknown Coach,25
3457,Clydebank FC,Unknown Stadium,0,Unknown Coach,25
3458,Forres Mechanics FC,Unknown Stadium,0,Unknown Coach,25
3459,Clachnacuddin FC,Unknown Stadium,0,Unknown Coach,25
3461,Larne FC,Unknown Stadium,0,Unknown Coach,25
3463,Glenavon FC,Unknown Stadium,0,Unknown Coach,25
77192,Club_77192,Unknown Stadium,0,Unknown Coach,25
44427,RKSV De Ster,Unknown Stadium,0,Unknown Coach,25
3468,Hungary,Unknown Stadium,0,Unknown Coach,25
3470,Cumnock Juniors FC,Unknown Stadium,0,Unknown Coach,25
3471,Linfield FC,Unknown Stadium,0,Unknown Coach,25
69006,Atzeneta UE,Unknown Stadium,0,Unknown Coach,25
109967,AE Dimitsanas,Unknown Stadium,0,Unknown Coach,25
109968,AO Dilinaton,Unknown Stadium,0,Unknown Coach,25
109973,Club_109973,Unknown Stadium,0,Unknown Coach,25
3489,Boston United,Unknown Stadium,0,Unknown Coach,25
3490,Huntly FC,Unknown Stadium,0,Unknown Coach,25
3491,Brora Rangers FC,Unknown Stadium,0,Unknown Coach,25
44452,SC 't Zand Tilburg,Unknown Stadium,0,Unknown Coach,25
44455,VV Eemdijk,Unknown Stadium,0,Unknown Coach,25
3499,Senegal,Unknown Stadium,0,Unknown Coach,25
3503,Slovakia,Unknown Stadium,0,Unknown Coach,25
101808,Asteras Stavrou,Unknown Stadium,0,Unknown Coach,25
3505,United States,Unknown Stadium,0,Unknown Coach,25
3504,Venezuela,Unknown Stadium,0,Unknown Coach,25
28082,FC Ballkani,Unknown Stadium,0,Unknown Coach,25
3509,Republic of Ireland,Unknown Stadium,0,Unknown Coach,25
3510,Canada,Unknown Stadium,0,Unknown Coach,25
101813,PAOK Kristonis,Unknown Stadium,0,Unknown Coach,25
101815,Aris Petinou,Unknown Stadium,0,Unknown Coach,25
101818,PAO Koutseliou,Unknown Stadium,0,Unknown Coach,25
101819,Club_101819,Unknown Stadium,0,Unknown Coach,25
36285,CD Laredo,Unknown Stadium,0,Unknown Coach,25
28097,Dinamo Kostroma (-2022),Unknown Stadium,0,Unknown Coach,25
28098,FC Kaluga,Unknown Stadium,0,Unknown Coach,25
44482,BSC Glasgow,Unknown Stadium,0,Unknown Coach,25
77251,Club_77251,Unknown Stadium,0,Unknown Coach,25
3537,Crawley Town,Unknown Stadium,0,Unknown Coach,25
3539,Tamworth FC,Unknown Stadium,0,Unknown Coach,25
19926,CD Lealtad,Unknown Stadium,0,Unknown Coach,25
44504,Vybor-Kurbatovo Voronezh (-2015),Unknown Stadium,0,Unknown Coach,25
52700,AO Kardias,Unknown Stadium,0,Unknown Coach,25
19934,EHC Hoensbroek,Unknown Stadium,0,Unknown Coach,25
52706,AS Korinthos 2006,Unknown Stadium,0,Unknown Coach,25
3556,Croatia,Unknown Stadium,0,Unknown Coach,25
3557,Sweden,Unknown Stadium,0,Unknown Coach,25
44518,Club_44518,Unknown Stadium,0,Unknown Coach,25
3560,Iraq,Unknown Stadium,0,Unknown Coach,25
3561,Albania,Unknown Stadium,0,Unknown Coach,25
3563,Uzbekistan,Unknown Stadium,0,Unknown Coach,25
3569,DVS '33 Ermelo,Unknown Stadium,0,Unknown Coach,25
85489,Bo'ness Athletic FC,Unknown Stadium,0,Unknown Coach,25
77298,Broager UI,Unknown Stadium,0,Unknown Coach,25
19958,FC Kolomna,Unknown Stadium,0,Unknown Coach,25
3574,Iceland,Unknown Stadium,0,Unknown Coach,25
3575,Morocco,Unknown Stadium,0,Unknown Coach,25
3577,Panama,Unknown Stadium,0,Unknown Coach,25
77303,FC Horsens,Unknown Stadium,0,Unknown Coach,25
77304,Skjern GF,Unknown Stadium,0,Unknown Coach,25
19964,GVVV Veenendaal,Unknown Stadium,0,Unknown Coach,25
3581,Paraguay,Unknown Stadium,0,Unknown Coach,25
3582,Iran,Unknown Stadium,0,Unknown Coach,25
3583,Zimbabwe,Unknown Stadium,0,Unknown Coach,25
3584,Peru,Unknown Stadium,0,Unknown Coach,25
3585,Angola,Unknown Stadium,0,Unknown Coach,25
3586,Lebanon,Unknown Stadium,0,Unknown Coach,25
60927,Club_60927,Unknown Stadium,0,Unknown Coach,25
3588,Slovenia,Unknown Stadium,0,Unknown Coach,25
3589,South Korea,Unknown Stadium,0,Unknown Coach,25
3590,Honduras,Unknown Stadium,0,Unknown Coach,25
3591,Ivory Coast,Unknown Stadium,0,Unknown Coach,25
60928,Allesö GF,Unknown Stadium,0,Unknown Coach,25
60930,Club_60930,Unknown Stadium,0,Unknown Coach,25
60931,Agerbaek/Starup,Unknown Stadium,0,Unknown Coach,25
60932,Krarup/Espe Fodbold,Unknown Stadium,0,Unknown Coach,25
60937,Anzhi-Yunior Zelenodolsk ( - 2018),Unknown Stadium,0,Unknown Coach,25
28175,Klitmöller IF,Unknown Stadium,0,Unknown Coach,25
44564,Xerez Deportivo FC,Unknown Stadium,0,Unknown Coach,25
93720,CD Aldeano,Unknown Stadium,0,Unknown Coach,25
77339,Sönderborg Fremad,Unknown Stadium,0,Unknown Coach,25
44572,VV Buitenpost,Unknown Stadium,0,Unknown Coach,25
3614,Algeria,Unknown Stadium,0,Unknown Coach,25
93726,CD Injerto,Unknown Stadium,0,Unknown Coach,25
93727,Ceuta 6 de Junio,Unknown Stadium,0,Unknown Coach,25
93728,CD Huracán Melilla,Unknown Stadium,0,Unknown Coach,25
44682,Olde Veste '54,Unknown Stadium,0,Unknown Coach,25
44584,Deportiva Minera,Unknown Stadium,0,Unknown Coach,25
44588,Barsa Sumy,Unknown Stadium,0,Unknown Coach,25
44684,ZVV Pelikaan,Unknown Stadium,0,Unknown Coach,25
44594,RKVV DEM,Unknown Stadium,0,Unknown Coach,25
44686,SC Spirit '30 Hoogkarspel,Unknown Stadium,0,Unknown Coach,25
44605,VV Chevremont,Unknown Stadium,0,Unknown Coach,25
3647,Stalybridge Celtic,Unknown Stadium,0,Unknown Coach,25
3649,Bangor City,Unknown Stadium,0,Unknown Coach,25
85571,Miengo FC,Unknown Stadium,0,Unknown Coach,25
44688,DOS '37 Vriezenveen,Unknown Stadium,0,Unknown Coach,25
134732,Puerto de Vega CF,Unknown Stadium,0,Unknown Coach,25
134733,Club_134733,Unknown Stadium,0,Unknown Coach,25
134734,Club_134734,Unknown Stadium,0,Unknown Coach,25
3669,Georgia,Unknown Stadium,0,Unknown Coach,25
3670,Tunisia,Unknown Stadium,0,Unknown Coach,25
3671,Jamaica,Unknown Stadium,0,Unknown Coach,25
3672,Egypt,Unknown Stadium,0,Unknown Coach,25
20057,AO Neas Ionias,Unknown Stadium,0,Unknown Coach,25
3674,Mali,Unknown Stadium,0,Unknown Coach,25
20058,PAO Krousona,Unknown Stadium,0,Unknown Coach,25
44640,CD Azuaga,Unknown Stadium,0,Unknown Coach,25
3681,Hitchin Town,Unknown Stadium,0,Unknown Coach,25
3683,Hendon FC,Unknown Stadium,0,Unknown Coach,25
3684,Stevenage FC,Unknown Stadium,0,Unknown Coach,25
3688,Accrington Stanley,Unknown Stadium,0,Unknown Coach,25
3694,AFC Telford United,Unknown Stadium,0,Unknown Coach,25
3696,Dagenham & Redbridge FC,Unknown Stadium,0,Unknown Coach,25
3697,Morecambe FC,Unknown Stadium,0,Unknown Coach,25
3698,Chelmsford City,Unknown Stadium,0,Unknown Coach,25
3699,Ukraine,Unknown Stadium,0,Unknown Coach,25
3700,Chile,Unknown Stadium,0,Unknown Coach,25
20084,Khimik-Arsenal Novomoskovsk,Unknown Stadium,0,Unknown Coach,25
52851,VV Heino,Unknown Stadium,0,Unknown Coach,25
3703,Zambia,Unknown Stadium,0,Unknown Coach,25
61045,AEP Kozanis,Unknown Stadium,0,Unknown Coach,25
3705,Algeciras CF,Unknown Stadium,0,Unknown Coach,25
3706,Doxa Dramas,Unknown Stadium,0,Unknown Coach,25
61046,Pallixouriakos AO,Unknown Stadium,0,Unknown Coach,25
3708,Barakaldo CF,Unknown Stadium,0,Unknown Coach,25
61049,Doxa Neou Sidirochoriou,Unknown Stadium,0,Unknown Coach,25
3712,Weston-super-Mare AFC,Unknown Stadium,0,Unknown Coach,25
3713,Eastbourne Borough,Unknown Stadium,0,Unknown Coach,25
3715,FC Novokuznetsk,Unknown Stadium,0,Unknown Coach,25
3717,Aldershot Town,Unknown Stadium,0,Unknown Coach,25
3716,Newport County,Unknown Stadium,0,Unknown Coach,25
44675,VV DZOH Emmen,Unknown Stadium,0,Unknown Coach,25
3721,Alfreton Town,Unknown Stadium,0,Unknown Coach,25
11907,Dacia Chisinau,Unknown Stadium,0,Unknown Coach,25
3723,Metallurg Lipetsk,Unknown Stadium,0,Unknown Coach,25
20108,Jammerbugt FC,Unknown Stadium,0,Unknown Coach,25
3724,Hednesford Town,Unknown Stadium,0,Unknown Coach,25
11912,FC Ararat Yerevan,Unknown Stadium,0,Unknown Coach,25
11914,FC Differdange 03,Unknown Stadium,0,Unknown Coach,25
11915,Llanelli AFC,Unknown Stadium,0,Unknown Coach,25
3732,Hellerup IK,Unknown Stadium,0,Unknown Coach,25
3733,Neftekhimik Nizhnekamsk,Unknown Stadium,0,Unknown Coach,25
20119,Nordvest FC,Unknown Stadium,0,Unknown Coach,25
44687,VV Oude Maas,Unknown Stadium,0,Unknown Coach,25
3737,Breidablik Kópavogur,Unknown Stadium,0,Unknown Coach,25
44694,SJC Noordwijk,Unknown Stadium,0,Unknown Coach,25
3739,KF Teuta,Unknown Stadium,0,Unknown Coach,25
77485,Aarhus 1900,Unknown Stadium,0,Unknown Coach,25
77486,Löjt IF,Unknown Stadium,0,Unknown Coach,25
44717,Club_44717,Unknown Stadium,0,Unknown Coach,25
44730,Zeilbergse Sport Vereniging,Unknown Stadium,0,Unknown Coach,25
11964,Threave Rovers FC,Unknown Stadium,0,Unknown Coach,25
20160,FC Svendborg,Unknown Stadium,0,Unknown Coach,25
3776,Rovaniemen Palloseura,Unknown Stadium,0,Unknown Coach,25
3779,JJK Jyväskylä,Unknown Stadium,0,Unknown Coach,25
36551,CD Quintanar de la Orden,Unknown Stadium,0,Unknown Coach,25
11976,CS Fola Esch,Unknown Stadium,0,Unknown Coach,25
3785,Maccabi Petah Tikva,Unknown Stadium,0,Unknown Coach,25
3793,Beitar Jerusalem,Unknown Stadium,0,Unknown Coach,25
44753,FK Domodedovo (-2017),Unknown Stadium,0,Unknown Coach,25
28378,Koninklijke HFC Haarlem,Unknown Stadium,0,Unknown Coach,25
3804,Kelty Hearts FC,Unknown Stadium,0,Unknown Coach,25
3806,South Africa,Unknown Stadium,0,Unknown Coach,25
3807,Saudi Arabia,Unknown Stadium,0,Unknown Coach,25
3811,Liepajas Metalurgs,Unknown Stadium,0,Unknown Coach,25
3815,Togo,Unknown Stadium,0,Unknown Coach,25
3816,Colombia,Unknown Stadium,0,Unknown Coach,25
3820,Mansfield Town,Unknown Stadium,0,Unknown Coach,25
110316,"Nerashté, Ballerup",Unknown Stadium,0,Unknown Coach,25
3822,Weymouth FC,Unknown Stadium,0,Unknown Coach,25
69359,CF Independiente Alicante,Unknown Stadium,0,Unknown Coach,25
3824,Dorchester Town,Unknown Stadium,0,Unknown Coach,25
3825,Kettering Town,Unknown Stadium,0,Unknown Coach,25
3826,St Albans City,Unknown Stadium,0,Unknown Coach,25
93935,Atlètic Sant Just,Unknown Stadium,0,Unknown Coach,25
12020,Harrogate Town,Unknown Stadium,0,Unknown Coach,25
3831,Coleraine FC,Unknown Stadium,0,Unknown Coach,25
3832,Fram Reykjavík,Unknown Stadium,0,Unknown Coach,25
3834,Sokol Saratov,Unknown Stadium,0,Unknown Coach,25
3835,Worksop Town,Unknown Stadium,0,Unknown Coach,25
20220,Arosa SC,Unknown Stadium,0,Unknown Coach,25
93948,CF Campanario,Unknown Stadium,0,Unknown Coach,25
20233,SD Negreira,Unknown Stadium,0,Unknown Coach,25
3850,FK Ekranas Panevezys (- 2014),Unknown Stadium,0,Unknown Coach,25
12041,Angusht Nazran,Unknown Stadium,0,Unknown Coach,25
12043,Dinamo Barnaul,Unknown Stadium,0,Unknown Coach,25
12045,Dinamo Stavropol,Unknown Stadium,0,Unknown Coach,25
3854,Democratic Republic of the Congo,Unknown Stadium,0,Unknown Coach,25
12048,Druzhba Maikop,Unknown Stadium,0,Unknown Coach,25
36625,FC Ternopil ( -2018),Unknown Stadium,0,Unknown Coach,25
12049,FK Chita,Unknown Stadium,0,Unknown Coach,25
12052,Zvezda Ryazan,Unknown Stadium,0,Unknown Coach,25
12054,FC Tyumen,Unknown Stadium,0,Unknown Coach,25
77590,FC Avrasya,Unknown Stadium,0,Unknown Coach,25
3864,Wales,Unknown Stadium,0,Unknown Coach,25
12058,Ocean Nakhodka,Unknown Stadium,0,Unknown Coach,25
3867,Boreham Wood FC,Unknown Stadium,0,Unknown Coach,25
12059,Petrotrest St. Petersburg (-2013),Unknown Stadium,0,Unknown Coach,25
12060,Sibiryak Bratsk,Unknown Stadium,0,Unknown Coach,25
12065,Torpedo Vladimir,Unknown Stadium,0,Unknown Coach,25
12066,Energia Volzhsky (-2014),Unknown Stadium,0,Unknown Coach,25
12068,Vityaz Podolsk,Unknown Stadium,0,Unknown Coach,25
3878,Hill of Beath Hawthorn,Unknown Stadium,0,Unknown Coach,25
12069,Volga-1908 Tver (-2017),Unknown Stadium,0,Unknown Coach,25
28457,East Kilbride FC,Unknown Stadium,0,Unknown Coach,25
3884,AFC Wimbledon,Unknown Stadium,0,Unknown Coach,25
3885,Stamford AFC,Unknown Stadium,0,Unknown Coach,25
44850,RKVVV Best Vooruit,Unknown Stadium,0,Unknown Coach,25
3892,FC Eindhoven,Unknown Stadium,0,Unknown Coach,25
36661,Rusj St. Petersburg (-2014),Unknown Stadium,0,Unknown Coach,25
102196,Fazenda Chernivtsi,Unknown Stadium,0,Unknown Coach,25
110388,SC Vilkhivtsi (Zakarpattya Oblast),Unknown Stadium,0,Unknown Coach,25
3899,Anorthosis Famagusta,Unknown Stadium,0,Unknown Coach,25
3900,FK Borac Banja Luka,Unknown Stadium,0,Unknown Coach,25
3909,Shelbourne FC,Unknown Stadium,0,Unknown Coach,25
36678,CVV de Jodan Boys,Unknown Stadium,0,Unknown Coach,25
53065,Club_53065,Unknown Stadium,0,Unknown Coach,25
36683,CVV Blauw Wit '34 Leeuwarden,Unknown Stadium,0,Unknown Coach,25
77305,Bagsvaerd BK,Unknown Stadium,0,Unknown Coach,25
36686,Club_36686,Unknown Stadium,0,Unknown Coach,25
44884,AltoVicentino,Unknown Stadium,0,Unknown Coach,25
77657,CD Autol,Unknown Stadium,0,Unknown Coach,25
77659,Club_77659,Unknown Stadium,0,Unknown Coach,25
3933,Nuneaton Town,Unknown Stadium,0,Unknown Coach,25
3936,Dover Athletic,Unknown Stadium,0,Unknown Coach,25
3937,Merthyr Town FC,Unknown Stadium,0,Unknown Coach,25
20323,Rubin 2 Kazan,Unknown Stadium,0,Unknown Coach,25
102243,Turégano CF,Unknown Stadium,0,Unknown Coach,25
12132,FK Jagodina,Unknown Stadium,0,Unknown Coach,25
3943,HSV Hoek,Unknown Stadium,0,Unknown Coach,25
102249,CD Fuentes,Unknown Stadium,0,Unknown Coach,25
102250,Club_102250,Unknown Stadium,0,Unknown Coach,25
102251,CD Cazalegas,Unknown Stadium,0,Unknown Coach,25
77676,CD Cantolagua,Unknown Stadium,0,Unknown Coach,25
44914,Caledonian Braves FC,Unknown Stadium,0,Unknown Coach,25
3955,Benin,Unknown Stadium,0,Unknown Coach,25
3956,Kyrgyzstan,Unknown Stadium,0,Unknown Coach,25
102261,Universitario FC Las Palmas,Unknown Stadium,0,Unknown Coach,25
44920,TOGB Berkel,Unknown Stadium,0,Unknown Coach,25
12163,Paksi FC,Unknown Stadium,0,Unknown Coach,25
20361,Alleröd FK,Unknown Stadium,0,Unknown Coach,25
36745,AC Tuttocuoio,Unknown Stadium,0,Unknown Coach,25
3984,Ilioupoli,Unknown Stadium,0,Unknown Coach,25
3985,AO Acharnaikos,Unknown Stadium,0,Unknown Coach,25
12176,CD El Palo,Unknown Stadium,0,Unknown Coach,25
36755,Isloch Minsk Region,Unknown Stadium,0,Unknown Coach,25
12178,Frederikshavn fI,Unknown Stadium,0,Unknown Coach,25
3990,AO Agios Nikolaos,Unknown Stadium,0,Unknown Coach,25
44946,Club_44946,Unknown Stadium,0,Unknown Coach,25
12181,San Fernando CD,Unknown Stadium,0,Unknown Coach,25
3993,AO Trikala,Unknown Stadium,0,Unknown Coach,25
3998,PAS Korinthos,Unknown Stadium,0,Unknown Coach,25
53152,Cardiff Metropolitan University,Unknown Stadium,0,Unknown Coach,25
4001,Marko FC,Unknown Stadium,0,Unknown Coach,25
4004,Nafpaktiakos Asteras,Unknown Stadium,0,Unknown Coach,25
4007,Panargiakos,Unknown Stadium,0,Unknown Coach,25
4011,Vyzas Megaron,Unknown Stadium,0,Unknown Coach,25
44972,SV De Foresters Heiloo,Unknown Stadium,0,Unknown Coach,25
4026,CSV Apeldoorn,Unknown Stadium,0,Unknown Coach,25
53181,Mora CF,Unknown Stadium,0,Unknown Coach,25
4030,CD Calahorra,Unknown Stadium,0,Unknown Coach,25
4031,Cosenza Calcio,Unknown Stadium,0,Unknown Coach,25
4032,SD Ponferradina,Unknown Stadium,0,Unknown Coach,25
20417,IF Skjold Birkeröd,Unknown Stadium,0,Unknown Coach,25
20416,Ramsgate FC,Unknown Stadium,0,Unknown Coach,25
85955,Ellas Syros,Unknown Stadium,0,Unknown Coach,25
4033,Fermana FC,Unknown Stadium,0,Unknown Coach,25
20423,SFK Nyva-V Vinnytsya,Unknown Stadium,0,Unknown Coach,25
4040,FK Partizani,Unknown Stadium,0,Unknown Coach,25
4043,1.FC Lok Stendal,Unknown Stadium,0,Unknown Coach,25
20428,FC United of Manchester,Unknown Stadium,0,Unknown Coach,25
61388,Rotor 2 Volgograd ( -2022),Unknown Stadium,0,Unknown Coach,25
4050,Écija Balompié,Unknown Stadium,0,Unknown Coach,25
102355,Shturm Ivankiv (- 2024),Unknown Stadium,0,Unknown Coach,25
102357,Druzhba Myrivka,Unknown Stadium,0,Unknown Coach,25
4054,Orihuela CF,Unknown Stadium,0,Unknown Coach,25
4057,Luch-Energia Vladivostok,Unknown Stadium,0,Unknown Coach,25
102361,Agron Velyki Gai OTG,Unknown Stadium,0,Unknown Coach,25
4059,NS Mura,Unknown Stadium,0,Unknown Coach,25
28633,UE Santa Coloma,Unknown Stadium,0,Unknown Coach,25
61052,AO Paleochoras,Unknown Stadium,0,Unknown Coach,25
25232,Haverfordwest County,Unknown Stadium,0,Unknown Coach,25
4074,Dartford FC,Unknown Stadium,0,Unknown Coach,25
4076,Club_4076,Unknown Stadium,0,Unknown Coach,25
36846,Arroyo CP,Unknown Stadium,0,Unknown Coach,25
4084,AS Cittadella,Unknown Stadium,0,Unknown Coach,25
4085,Fidelis Andria,Unknown Stadium,0,Unknown Coach,25
12275,Kolding IF,Unknown Stadium,0,Unknown Coach,25
45044,Solyaris Moskau (-2017),Unknown Stadium,0,Unknown Coach,25
45045,Afips Afipskiy (-2018),Unknown Stadium,0,Unknown Coach,25
45048,Taastrup FC,Unknown Stadium,0,Unknown Coach,25
4090,AS Gualdo Casacastalda,Unknown Stadium,0,Unknown Coach,25
110586,UCSA Tarasivka,Unknown Stadium,0,Unknown Coach,25
45052,Club_45052,Unknown Stadium,0,Unknown Coach,25
4093,Taranto FC 1927,Unknown Stadium,0,Unknown Coach,25
45053,Club_45053,Unknown Stadium,0,Unknown Coach,25
12285,Kozakken Boys,Unknown Stadium,0,Unknown Coach,25
4096,Turris Calcio,Unknown Stadium,0,Unknown Coach,25
4097,US Catanzaro,Unknown Stadium,0,Unknown Coach,25
45057,Vejgaard B,Unknown Stadium,0,Unknown Coach,25
4103,AC Lumezzane,Unknown Stadium,0,Unknown Coach,25
4104,FC Esperia Viareggio,Unknown Stadium,0,Unknown Coach,25
61446,CF Illueca,Unknown Stadium,0,Unknown Coach,25
4106,Casertana FC,Unknown Stadium,0,Unknown Coach,25
118796,Revera 1908 Ivano-Frankivsk,Unknown Stadium,0,Unknown Coach,25
12302,Naftovyk-Ukrnafta Okhtyrka,Unknown Stadium,0,Unknown Coach,25
4111,Rimini FC,Unknown Stadium,0,Unknown Coach,25
4113,US Massese 1919,Unknown Stadium,0,Unknown Coach,25
4114,ASG Nocerina,Unknown Stadium,0,Unknown Coach,25
4117,Wealdstone FC,Unknown Stadium,0,Unknown Coach,25
53283,Club Polideportivo El Ejido,Unknown Stadium,0,Unknown Coach,25
53286,CA Cirbonero,Unknown Stadium,0,Unknown Coach,25
20519,Virtus Entella,Unknown Stadium,0,Unknown Coach,25
53289,Electron Velikiy Novgorod,Unknown Stadium,0,Unknown Coach,25
12335,Solihull Moors,Unknown Stadium,0,Unknown Coach,25
20528,CE Europa,Unknown Stadium,0,Unknown Coach,25
20529,Dinamo Kirov,Unknown Stadium,0,Unknown Coach,25
4146,Aurora Pro Patria,Unknown Stadium,0,Unknown Coach,25
4150,AC Cuneo 1905,Unknown Stadium,0,Unknown Coach,25
20535,Vityaz Krymsk,Unknown Stadium,0,Unknown Coach,25
4153,L'Aquila 1927,Unknown Stadium,0,Unknown Coach,25
12346,FC Progrès Niederkorn,Unknown Stadium,0,Unknown Coach,25
61498,CD Cuarte,Unknown Stadium,0,Unknown Coach,25
4159,Carrarese Calcio 1908,Unknown Stadium,0,Unknown Coach,25
12351,Linares Deportivo,Unknown Stadium,0,Unknown Coach,25
110658,Club_110658,Unknown Stadium,0,Unknown Coach,25
61072,Club_61072,Unknown Stadium,0,Unknown Coach,25
4167,1913 Seregno Calcio,Unknown Stadium,0,Unknown Coach,25
12361,Marbella FC,Unknown Stadium,0,Unknown Coach,25
53327,VV Scherpenzeel,Unknown Stadium,0,Unknown Coach,25
12386,Grenaa IF,Unknown Stadium,0,Unknown Coach,25
45155,FK Sevastopol,Unknown Stadium,0,Unknown Coach,25
45156,TSK-Tavriya Simferopol,Unknown Stadium,0,Unknown Coach,25
45157,Zhemchuzhina Yalta,Unknown Stadium,0,Unknown Coach,25
36972,Chaika Peschanokopskoe,Unknown Stadium,0,Unknown Coach,25
12405,Real Unión Club,Unknown Stadium,0,Unknown Coach,25
69752,FC Hegelmann,Unknown Stadium,0,Unknown Coach,25
20603,Bonnyrigg Rose FC,Unknown Stadium,0,Unknown Coach,25
4223,Deveronvale FC,Unknown Stadium,0,Unknown Coach,25
36995,VV Sliedrecht,Unknown Stadium,0,Unknown Coach,25
12420,Irtysh Omsk,Unknown Stadium,0,Unknown Coach,25
28804,Club_28804,Unknown Stadium,0,Unknown Coach,25
4230,Irvine Meadow XI FC,Unknown Stadium,0,Unknown Coach,25
36999,Sumgayit PFC,Unknown Stadium,0,Unknown Coach,25
12422,Kavkaztransgaz-2005 Ryzdvyany (-2013),Unknown Stadium,0,Unknown Coach,25
12423,Kecskeméti TE,Unknown Stadium,0,Unknown Coach,25
12431,Smena Komsomolsk-na-Amure,Unknown Stadium,0,Unknown Coach,25
53392,Girnyk Novoyavorivsk,Unknown Stadium,0,Unknown Coach,25
12432,FK Astrakhan,Unknown Stadium,0,Unknown Coach,25
45200,Chayka Petropavlivska Borshchagivka,Unknown Stadium,0,Unknown Coach,25
53395,CD l’Alcora,Unknown Stadium,0,Unknown Coach,25
12439,Volga Uljanovsk,Unknown Stadium,0,Unknown Coach,25
12444,Znamya Truda Orekhovo-Zuevo,Unknown Stadium,0,Unknown Coach,25
37022,Alania-D Vladikavkaz,Unknown Stadium,0,Unknown Coach,25
4255,SS Arezzo,Unknown Stadium,0,Unknown Coach,25
12451,RKSV Groene Ster,Unknown Stadium,0,Unknown Coach,25
37029,FK Dolgoprudnyi,Unknown Stadium,0,Unknown Coach,25
12456,Türkgücü München,Unknown Stadium,0,Unknown Coach,25
53419,Forum Sport Voorburg,Unknown Stadium,0,Unknown Coach,25
12460,Flamurtari FC,Unknown Stadium,0,Unknown Coach,25
4271,US Triestina,Unknown Stadium,0,Unknown Coach,25
37043,Apollon Kryas Vrysis,Unknown Stadium,0,Unknown Coach,25
4277,Drogheda United FC,Unknown Stadium,0,Unknown Coach,25
12469,KF Skënderbeu,Unknown Stadium,0,Unknown Coach,25
4279,Farnborough FC,Unknown Stadium,0,Unknown Coach,25
28854,Listrup UIF,Unknown Stadium,0,Unknown Coach,25
78006,Club_78006,Unknown Stadium,0,Unknown Coach,25
4282,Hyde United,Unknown Stadium,0,Unknown Coach,25
78005,Raklev GI,Unknown Stadium,0,Unknown Coach,25
28858,VV Dongen,Unknown Stadium,0,Unknown Coach,25
37064,UD Somozas,Unknown Stadium,0,Unknown Coach,25
4297,Varzim SC,Unknown Stadium,0,Unknown Coach,25
53453,FC Ararat-Armenia,Unknown Stadium,0,Unknown Coach,25
4310,Blyth Spartans,Unknown Stadium,0,Unknown Coach,25
4311,Cape Verde,Unknown Stadium,0,Unknown Coach,25
4313,HB Tórshavn,Unknown Stadium,0,Unknown Coach,25
4324,Imolese Calcio 1919,Unknown Stadium,0,Unknown Coach,25
37093,VV Duno Doorwerth,Unknown Stadium,0,Unknown Coach,25
4326,AS Gubbio 1910,Unknown Stadium,0,Unknown Coach,25
45286,JSV Nieuwegein,Unknown Stadium,0,Unknown Coach,25
37096,SKA Odessa (2010),Unknown Stadium,0,Unknown Coach,25
4330,ASD Sambenedettese Calcio,Unknown Stadium,0,Unknown Coach,25
4331,Trapani Calcio,Unknown Stadium,0,Unknown Coach,25
4333,US Grosseto FC,Unknown Stadium,0,Unknown Coach,25
4341,AC Savoia 1908,Unknown Stadium,0,Unknown Coach,25
28931,BFC Daugavpils,Unknown Stadium,0,Unknown Coach,25
37125,Apollon Paralimniou,Unknown Stadium,0,Unknown Coach,25
33431,Club_33431,Unknown Stadium,0,Unknown Coach,25
4361,Varese 1910,Unknown Stadium,0,Unknown Coach,25
20746,Preston Athletic FC,Unknown Stadium,0,Unknown Coach,25
28936,FK Spartaks Jurmala,Unknown Stadium,0,Unknown Coach,25
45323,Spartak Yoshkar-Ola,Unknown Stadium,0,Unknown Coach,25
12567,CD Eldense,Unknown Stadium,0,Unknown Coach,25
78105,Racing Rioja CF (-2024),Unknown Stadium,0,Unknown Coach,25
28954,Ballerup Skovlunde Fodbold,Unknown Stadium,0,Unknown Coach,25
28958,FC Lusitanos,Unknown Stadium,0,Unknown Coach,25
37153,CD Marchamalo,Unknown Stadium,0,Unknown Coach,25
4391,Buducnost Podgorica,Unknown Stadium,0,Unknown Coach,25
20775,Metallurg Vyksa,Unknown Stadium,0,Unknown Coach,25
45353,Sassari Latte Dolce,Unknown Stadium,0,Unknown Coach,25
20780,ONS Sneek,Unknown Stadium,0,Unknown Coach,25
12588,Gimnástica de Torrelavega,Unknown Stadium,0,Unknown Coach,25
20782,SV TOP,Unknown Stadium,0,Unknown Coach,25
37169,Puskás Akadémia FC,Unknown Stadium,0,Unknown Coach,25
20786,Horsham FC,Unknown Stadium,0,Unknown Coach,25
37177,UkrAgroKom Golovkivka,Unknown Stadium,0,Unknown Coach,25
12605,Real Balompédica Linense,Unknown Stadium,0,Unknown Coach,25
4414,Gefle IF,Unknown Stadium,0,Unknown Coach,25
12606,Rishöj Boldklub,Unknown Stadium,0,Unknown Coach,25
61761,SC Metalurg Zaporizhya,Unknown Stadium,0,Unknown Coach,25
12622,B1908 Amager,Unknown Stadium,0,Unknown Coach,25
12627,Kopenhagen KFUM,Unknown Stadium,0,Unknown Coach,25
102743,Composite Pavlovskiy Posad,Unknown Stadium,0,Unknown Coach,25
20826,Tynecastle FC,Unknown Stadium,0,Unknown Coach,25
12634,VV SWZ Sneek,Unknown Stadium,0,Unknown Coach,25
20828,Dalkeith Thistle FC,Unknown Stadium,0,Unknown Coach,25
12646,Club_12646,Unknown Stadium,0,Unknown Coach,25
69995,VV DVO Sittard,Unknown Stadium,0,Unknown Coach,25
20844,Real Avilés CF,Unknown Stadium,0,Unknown Coach,25
12652,SV TEC Tiel,Unknown Stadium,0,Unknown Coach,25
12658,Guiseley AFC,Unknown Stadium,0,Unknown Coach,25
53629,Agrobiznes Volochysk,Unknown Stadium,0,Unknown Coach,25
29053,SC Gjilani,Unknown Stadium,0,Unknown Coach,25
61832,VV Winsum,Unknown Stadium,0,Unknown Coach,25
20877,Brackley Town,Unknown Stadium,0,Unknown Coach,25
53645,PFC Prykarpattya Ivano-Frankivsk,Unknown Stadium,0,Unknown Coach,25
45457,Pafos FC,Unknown Stadium,0,Unknown Coach,25
12697,UE Sant Andreu,Unknown Stadium,0,Unknown Coach,25
37276,PGS Kissamikos,Unknown Stadium,0,Unknown Coach,25
12700,SV Deurne,Unknown Stadium,0,Unknown Coach,25
4515,US Poggibonsi,Unknown Stadium,0,Unknown Coach,25
29095,Extremadura UD,Unknown Stadium,0,Unknown Coach,25
4529,DAC Dunajska Streda,Unknown Stadium,0,Unknown Coach,25
20914,CD Pradejón,Unknown Stadium,0,Unknown Coach,25
20915,CD Santurtzi,Unknown Stadium,0,Unknown Coach,25
29109,Girnyk-Sport Gorishni Plavni,Unknown Stadium,0,Unknown Coach,25
61877,Club_61877,Unknown Stadium,0,Unknown Coach,25
20921,CDA Navalcarnero,Unknown Stadium,0,Unknown Coach,25
20923,Khimik Dzerzhinsk,Unknown Stadium,0,Unknown Coach,25
12732,VVSB Noordwijkerhout,Unknown Stadium,0,Unknown Coach,25
4541,UC AlbinoLeffe,Unknown Stadium,0,Unknown Coach,25
4542,Cultural Leonesa,Unknown Stadium,0,Unknown Coach,25
119229,Thyella Chalkiou,Unknown Stadium,0,Unknown Coach,25
20928,Velarde Camargo CF,Unknown Stadium,0,Unknown Coach,25
37319,Club_37319,Unknown Stadium,0,Unknown Coach,25
4554,FC Südtirol,Unknown Stadium,0,Unknown Coach,25
45520,CSF Speranta Nisporeni (- 2021),Unknown Stadium,0,Unknown Coach,25
20945,VV Capelle,Unknown Stadium,0,Unknown Coach,25
37335,AO Ermis Zonianon,Unknown Stadium,0,Unknown Coach,25
20952,AFC Totton,Unknown Stadium,0,Unknown Coach,25
20953,Bracknell Town,Unknown Stadium,0,Unknown Coach,25
61914,MFA Munkach,Unknown Stadium,0,Unknown Coach,25
20955,Gosport Borough,Unknown Stadium,0,Unknown Coach,25
37339,OF Ierapetras,Unknown Stadium,0,Unknown Coach,25
20963,CE Constància,Unknown Stadium,0,Unknown Coach,25
29160,Prestatyn Town,Unknown Stadium,0,Unknown Coach,25
4585,Anagennisi Karditsas,Unknown Stadium,0,Unknown Coach,25
20970,B.73 Slagelse,Unknown Stadium,0,Unknown Coach,25
20971,BK Frem Saksköbing,Unknown Stadium,0,Unknown Coach,25
37356,Catarroja CF,Unknown Stadium,0,Unknown Coach,25
20972,Christiansbjerg IF,Unknown Stadium,0,Unknown Coach,25
20973,Marstal/Rise IF,Unknown Stadium,0,Unknown Coach,25
20975,Odense KS,Unknown Stadium,0,Unknown Coach,25
20976,Club_20976,Unknown Stadium,0,Unknown Coach,25
4587,Aris Soudas,Unknown Stadium,0,Unknown Coach,25
20978,Club_20978,Unknown Stadium,0,Unknown Coach,25
20979,Viby IF,Unknown Stadium,0,Unknown Coach,25
70127,CD Brea,Unknown Stadium,0,Unknown Coach,25
4592,FAS Naousa,Unknown Stadium,0,Unknown Coach,25
4598,Poseidon Neas Michanionas,Unknown Stadium,0,Unknown Coach,25
4599,Vataniakos Katerinis,Unknown Stadium,0,Unknown Coach,25
4591,AS Meteora,Unknown Stadium,0,Unknown Coach,25
20985,BK Viktoria,Unknown Stadium,0,Unknown Coach,25
4602,Olympiakos Volou,Unknown Stadium,0,Unknown Coach,25
4604,AS Edessaikos,Unknown Stadium,0,Unknown Coach,25
20986,Club_20986,Unknown Stadium,0,Unknown Coach,25
20990,Arbejder Sport Aarhus,Unknown Stadium,0,Unknown Coach,25
20991,BK Rödovre,Unknown Stadium,0,Unknown Coach,25
4608,GAS Ialysos 1948,Unknown Stadium,0,Unknown Coach,25
20988,Nibe Boldklub,Unknown Stadium,0,Unknown Coach,25
20992,Boldklubben 1960,Unknown Stadium,0,Unknown Coach,25
20995,Club_20995,Unknown Stadium,0,Unknown Coach,25
61955,CSKA 1948,Unknown Stadium,0,Unknown Coach,25
20997,Fredensborg BI,Unknown Stadium,0,Unknown Coach,25
20998,Fredericia fF,Unknown Stadium,0,Unknown Coach,25
20999,Frederiksberg Boldklub,Unknown Stadium,0,Unknown Coach,25
21000,Gentofte VI,Unknown Stadium,0,Unknown Coach,25
21001,Glamsbjerg IF,Unknown Stadium,0,Unknown Coach,25
4616,Anagennisi Artas,Unknown Stadium,0,Unknown Coach,25
21003,Hundested IK,Unknown Stadium,0,Unknown Coach,25
45574,Llandudno FC,Unknown Stadium,0,Unknown Coach,25
21005,Kvik/Aalestrup IF,Unknown Stadium,0,Unknown Coach,25
21006,Ledöje-Smörum Fodbold,Unknown Stadium,0,Unknown Coach,25
21007,Club_21007,Unknown Stadium,0,Unknown Coach,25
94729,SC Korosten Agro-Nyva,Unknown Stadium,0,Unknown Coach,25
86545,Nörrebro FF,Unknown Stadium,0,Unknown Coach,25
29198,Trival Valderas Alcorcón,Unknown Stadium,0,Unknown Coach,25
21011,Taasinge fB,Unknown Stadium,0,Unknown Coach,25
29201,HZVV Hoogeveen,Unknown Stadium,0,Unknown Coach,25
61975,FK Bucha,Unknown Stadium,0,Unknown Coach,25
4639,FK Mornar Bar,Unknown Stadium,0,Unknown Coach,25
4641,Rabotnicki Skopje,Unknown Stadium,0,Unknown Coach,25
4644,FC Shkupi,Unknown Stadium,0,Unknown Coach,25
61989,Club_61989,Unknown Stadium,0,Unknown Coach,25
21033,Boldklubben Union,Unknown Stadium,0,Unknown Coach,25
21034,FC Culpa,Unknown Stadium,0,Unknown Coach,25
21035,FA 2000,Unknown Stadium,0,Unknown Coach,25
12859,FK Lovcen Cetinje,Unknown Stadium,0,Unknown Coach,25
4674,Cambridge City,Unknown Stadium,0,Unknown Coach,25
12869,Nantwich Town FC,Unknown Stadium,0,Unknown Coach,25
37448,Thyella Rafinas,Unknown Stadium,0,Unknown Coach,25
62026,Penybont FC,Unknown Stadium,0,Unknown Coach,25
111182,Probiy Gorodenka,Unknown Stadium,0,Unknown Coach,25
45649,Lochar Thistle FC,Unknown Stadium,0,Unknown Coach,25
12886,Edinburgh City,Unknown Stadium,0,Unknown Coach,25
37463,AC Delta Rovigo,Unknown Stadium,0,Unknown Coach,25
29271,CD Tudelano,Unknown Stadium,0,Unknown Coach,25
29270,Atlético Mancha Real,Unknown Stadium,0,Unknown Coach,25
4700,BFC Preussen,Unknown Stadium,0,Unknown Coach,25
29281,Skala Stryi,Unknown Stadium,0,Unknown Coach,25
4718,SS Virtus Lanciano,Unknown Stadium,0,Unknown Coach,25
37486,Darlington FC,Unknown Stadium,0,Unknown Coach,25
70259,CF Rusadir,Unknown Stadium,0,Unknown Coach,25
70266,UD Guía,Unknown Stadium,0,Unknown Coach,25
21122,CD Móstoles URJC,Unknown Stadium,0,Unknown Coach,25
21125,CD Puerta Bonita (- 2017),Unknown Stadium,0,Unknown Coach,25
111237,Kirovets-Voskhozhdenie St. Petersburg,Unknown Stadium,0,Unknown Coach,25
111238,Rodina Media Moskau,Unknown Stadium,0,Unknown Coach,25
111239,Orgenergostroy Dimitrovgrad,Unknown Stadium,0,Unknown Coach,25
111240,Universitet Uljanovsk,Unknown Stadium,0,Unknown Coach,25
45702,Omiros Neochoriou,Unknown Stadium,0,Unknown Coach,25
29325,Wilhelmina '08,Unknown Stadium,0,Unknown Coach,25
70288,UD Los Garres,Unknown Stadium,0,Unknown Coach,25
4772,NK Olimpija Ljubljana,Unknown Stadium,0,Unknown Coach,25
29359,RKSV HVCH,Unknown Stadium,0,Unknown Coach,25
37554,FC Sönderborg,Unknown Stadium,0,Unknown Coach,25
37555,Morud IF,Unknown Stadium,0,Unknown Coach,25
4792,Kilkisiakos,Unknown Stadium,0,Unknown Coach,25
4793,JVC Cuijk,Unknown Stadium,0,Unknown Coach,25
4807,FC Shirak Gyumri,Unknown Stadium,0,Unknown Coach,25
29383,Club_29383,Unknown Stadium,0,Unknown Coach,25
29384,Bolbro G&IF,Unknown Stadium,0,Unknown Coach,25
29386,Döllefjelde-Musse IF,Unknown Stadium,0,Unknown Coach,25
29387,Egen UI,Unknown Stadium,0,Unknown Coach,25
4814,Naval 1º de Maio,Unknown Stadium,0,Unknown Coach,25
29390,Grindsted GIF,Unknown Stadium,0,Unknown Coach,25
29391,IF Lyseng,Unknown Stadium,0,Unknown Coach,25
29393,Østre Boldklub,Unknown Stadium,0,Unknown Coach,25
29394,Club_29394,Unknown Stadium,0,Unknown Coach,25
29397,AO Giouchtas,Unknown Stadium,0,Unknown Coach,25
13017,Kremin Kremenchuk,Unknown Stadium,0,Unknown Coach,25
21216,PFK Sumy (-2019),Unknown Stadium,0,Unknown Coach,25
45792,Ciliverghe Calcio,Unknown Stadium,0,Unknown Coach,25
4864,Clube Oriental Lissabon,Unknown Stadium,0,Unknown Coach,25
86787,Skala 1911 Stryi,Unknown Stadium,0,Unknown Coach,25
4882,SV Eichede,Unknown Stadium,0,Unknown Coach,25
4883,Blau-Weiß Lohne,Unknown Stadium,0,Unknown Coach,25
29476,RSV Eintracht 1949,Unknown Stadium,0,Unknown Coach,25
21292,MSC Meppel,Unknown Stadium,0,Unknown Coach,25
37678,RKVV DESO Oss,Unknown Stadium,0,Unknown Coach,25
29490,Albalonga Calcio,Unknown Stadium,0,Unknown Coach,25
45894,Monterosi FC,Unknown Stadium,0,Unknown Coach,25
29512,Chatham Town,Unknown Stadium,0,Unknown Coach,25
21322,Atlético Sanluqueño CF,Unknown Stadium,0,Unknown Coach,25
21331,Pordenone Calcio,Unknown Stadium,0,Unknown Coach,25
4949,FK Bokelj,Unknown Stadium,0,Unknown Coach,25
21335,Arcos CF,Unknown Stadium,0,Unknown Coach,25
21337,Yeclano Deportivo,Unknown Stadium,0,Unknown Coach,25
70489,Megas Alexandros Kallitheas,Unknown Stadium,0,Unknown Coach,25
4955,SC Wiedenbrück,Unknown Stadium,0,Unknown Coach,25
45913,Zvezda St. Petersburg,Unknown Stadium,0,Unknown Coach,25
45922,Spennymoor Town,Unknown Stadium,0,Unknown Coach,25
45923,Norton United,Unknown Stadium,0,Unknown Coach,25
103271,CD Monte Santander,Unknown Stadium,0,Unknown Coach,25
111469,CF Badalona Futur,Unknown Stadium,0,Unknown Coach,25
45935,AP Brera,Unknown Stadium,0,Unknown Coach,25
13175,Karlslunde IF,Unknown Stadium,0,Unknown Coach,25
21368,AD Unión Adarve,Unknown Stadium,0,Unknown Coach,25
45950,Jubbega,Unknown Stadium,0,Unknown Coach,25
13183,Avedöre IF,Unknown Stadium,0,Unknown Coach,25
13189,Herlufsholm GF,Unknown Stadium,0,Unknown Coach,25
29573,Cultural Durango,Unknown Stadium,0,Unknown Coach,25
37772,AE Karaiskakis Artas,Unknown Stadium,0,Unknown Coach,25
5008,TuS Makkabi Berlin,Unknown Stadium,0,Unknown Coach,25
37779,Club_37779,Unknown Stadium,0,Unknown Coach,25
13203,FK Gubkin (-2013),Unknown Stadium,0,Unknown Coach,25
13208,Kjellerup IF,Unknown Stadium,0,Unknown Coach,25
21402,Zamudio SD,Unknown Stadium,0,Unknown Coach,25
78749,Forte Taganrog,Unknown Stadium,0,Unknown Coach,25
13222,CD Mirandés,Unknown Stadium,0,Unknown Coach,25
13223,CD Valle de Egüés,Unknown Stadium,0,Unknown Coach,25
13225,CF Reus Deportiu,Unknown Stadium,0,Unknown Coach,25
13226,Caudal Deportivo,Unknown Stadium,0,Unknown Coach,25
13227,Coruxo FC,Unknown Stadium,0,Unknown Coach,25
13231,Haro Deportivo,Unknown Stadium,0,Unknown Coach,25
13238,SD Noja,Unknown Stadium,0,Unknown Coach,25
13240,Sestao River,Unknown Stadium,0,Unknown Coach,25
13241,UD Ibiza,Unknown Stadium,0,Unknown Coach,25
13242,CD Puertollano,Unknown Stadium,0,Unknown Coach,25
5051,University AFC,Unknown Stadium,0,Unknown Coach,25
13244,Utebo FC,Unknown Stadium,0,Unknown Coach,25
29638,BSC Hastedt,Unknown Stadium,0,Unknown Coach,25
62414,CD Yuncos,Unknown Stadium,0,Unknown Coach,25
29657,Cupar Hearts AFC,Unknown Stadium,0,Unknown Coach,25
5084,Valmiera FC,Unknown Stadium,0,Unknown Coach,25
21469,FC De Bilt,Unknown Stadium,0,Unknown Coach,25
13278,FC Tiraspol,Unknown Stadium,0,Unknown Coach,25
5090,Orestis Orestiadas,Unknown Stadium,0,Unknown Coach,25
5091,Naestved Boldklub,Unknown Stadium,0,Unknown Coach,25
21474,SS Maceratese,Unknown Stadium,0,Unknown Coach,25
13286,Chorley FC,Unknown Stadium,0,Unknown Coach,25
21479,SV Bon Boys Haaksbergen,Unknown Stadium,0,Unknown Coach,25
13290,Odder IGF,Unknown Stadium,0,Unknown Coach,25
46061,Haringey Borough FC,Unknown Stadium,0,Unknown Coach,25
21500,Roda '46 Leusden,Unknown Stadium,0,Unknown Coach,25
13313,Sudan,Unknown Stadium,0,Unknown Coach,25
21507,Lokomotiv 2 Moskow,Unknown Stadium,0,Unknown Coach,25
21508,Zaria Balti,Unknown Stadium,0,Unknown Coach,25
5129,Mozambique,Unknown Stadium,0,Unknown Coach,25
21515,Dungannon Swifts FC,Unknown Stadium,0,Unknown Coach,25
46104,ZVV Zaanlandia,Unknown Stadium,0,Unknown Coach,25
37914,Alashkert Yerevan FC,Unknown Stadium,0,Unknown Coach,25
5147,United Arab Emirates,Unknown Stadium,0,Unknown Coach,25
21532,Crusaders FC,Unknown Stadium,0,Unknown Coach,25
5148,North Macedonia,Unknown Stadium,0,Unknown Coach,25
5151,SV Schott Jena,Unknown Stadium,0,Unknown Coach,25
9165,Truro City FC,Unknown Stadium,0,Unknown Coach,25
5155,Metalurgi Rustavi,Unknown Stadium,0,Unknown Coach,25
21541,Aberystwyth Town,Unknown Stadium,0,Unknown Coach,25
29733,SD Leioa,Unknown Stadium,0,Unknown Coach,25
29739,CD Getxo,Unknown Stadium,0,Unknown Coach,25
21548,CD San Roque de Lepe,Unknown Stadium,0,Unknown Coach,25
37935,Club_37935,Unknown Stadium,0,Unknown Coach,25
5174,FC Pavia 1911,Unknown Stadium,0,Unknown Coach,25
62518,AE Karitsas,Unknown Stadium,0,Unknown Coach,25
21560,Montilla CF,Unknown Stadium,0,Unknown Coach,25
9171,New Zealand,Unknown Stadium,0,Unknown Coach,25
21568,La Roda CF,Unknown Stadium,0,Unknown Coach,25
21569,Arlesey Town FC,Unknown Stadium,0,Unknown Coach,25
21586,Anagennisi Giannitson,Unknown Stadium,0,Unknown Coach,25
54356,CD Ribadumia,Unknown Stadium,0,Unknown Coach,25
21597,FS Eordaikos,Unknown Stadium,0,Unknown Coach,25
46173,Doxa Volaka,Unknown Stadium,0,Unknown Coach,25
54368,Makedonikos Foufas,Unknown Stadium,0,Unknown Coach,25
21600,Makedonikos Neapolis,Unknown Stadium,0,Unknown Coach,25
37989,Arsenal Tivat,Unknown Stadium,0,Unknown Coach,25
5223,Maccabi Netanya,Unknown Stadium,0,Unknown Coach,25
54375,Asteras Petriti,Unknown Stadium,0,Unknown Coach,25
13418,ÍF Fuglafjördur,Unknown Stadium,0,Unknown Coach,25
5227,Atlético CP,Unknown Stadium,0,Unknown Coach,25
5228,FK Atlantas Klaipeda (-2020),Unknown Stadium,0,Unknown Coach,25
21613,Doxa Kranoulas,Unknown Stadium,0,Unknown Coach,25
21615,KVV Quick '20 Oldenzaal,Unknown Stadium,0,Unknown Coach,25
29808,Tilykratis Lefkadas,Unknown Stadium,0,Unknown Coach,25
5233,Bolivia,Unknown Stadium,0,Unknown Coach,25
54390,Raspadskaya Mezhdurechensk,Unknown Stadium,0,Unknown Coach,25
70777,Volna Kovernino,Unknown Stadium,0,Unknown Coach,25
29817,Ikonomos Tsaritsanis,Unknown Stadium,0,Unknown Coach,25
13436,RSD Alcalá,Unknown Stadium,0,Unknown Coach,25
13438,CP Villarrobledo,Unknown Stadium,0,Unknown Coach,25
21637,Akademia Togliatti (-2012),Unknown Stadium,0,Unknown Coach,25
5263,TuS Erndtebrück,Unknown Stadium,0,Unknown Coach,25
13457,Club_13457,Unknown Stadium,0,Unknown Coach,25
29842,Concord Rangers,Unknown Stadium,0,Unknown Coach,25
46225,SV Laar,Unknown Stadium,0,Unknown Coach,25
21652,Chippenham Town,Unknown Stadium,0,Unknown Coach,25
13460,Club_13460,Unknown Stadium,0,Unknown Coach,25
13467,Racing FC Union Luxembourg,Unknown Stadium,0,Unknown Coach,25
5280,Offenburger FV,Unknown Stadium,0,Unknown Coach,25
54433,Club_54433,Unknown Stadium,0,Unknown Coach,25
5287,Chernomorets Novorossijsk,Unknown Stadium,0,Unknown Coach,25
13482,Club_13482,Unknown Stadium,0,Unknown Coach,25
38059,Ciudad Lucena,Unknown Stadium,0,Unknown Coach,25
13485,Equatorial Guinea,Unknown Stadium,0,Unknown Coach,25
5300,FSV Union Fürstenwalde,Unknown Stadium,0,Unknown Coach,25
13497,Uganda,Unknown Stadium,0,Unknown Coach,25
13499,Astra Giurgiu (- 2024),Unknown Stadium,0,Unknown Coach,25
5328,SF Baumberg,Unknown Stadium,0,Unknown Coach,25
46290,Sportclub Silvolde (- 2023),Unknown Stadium,0,Unknown Coach,25
29914,Energiya Nova Kakhovka,Unknown Stadium,0,Unknown Coach,25
21725,Tyrnavos 2005,Unknown Stadium,0,Unknown Coach,25
54498,Sicula Leonzio,Unknown Stadium,0,Unknown Coach,25
21735,Velocitas 1897 Groningen,Unknown Stadium,0,Unknown Coach,25
13556,Curzon Ashton,Unknown Stadium,0,Unknown Coach,25
13562,Savona FBC,Unknown Stadium,0,Unknown Coach,25
46337,Pineto Calcio,Unknown Stadium,0,Unknown Coach,25
5378,Vasas FC,Unknown Stadium,0,Unknown Coach,25
38146,AWC Wijchen,Unknown Stadium,0,Unknown Coach,25
38148,DOSKO Bergen op Zoom,Unknown Stadium,0,Unknown Coach,25
46339,Atarfe Industrial CF,Unknown Stadium,0,Unknown Coach,25
21766,Vallensbaek IF 39,Unknown Stadium,0,Unknown Coach,25
46345,Fortuna Wormerveer,Unknown Stadium,0,Unknown Coach,25
29962,Iraklis Psachnon,Unknown Stadium,0,Unknown Coach,25
21775,Teteks Tetovo,Unknown Stadium,0,Unknown Coach,25
21777,BK Fremad Valby,Unknown Stadium,0,Unknown Coach,25
21779,Husum Boldklub,Unknown Stadium,0,Unknown Coach,25
21783,Skovshoved IF,Unknown Stadium,0,Unknown Coach,25
21784,Sundby Boldklub,Unknown Stadium,0,Unknown Coach,25
38170,VV OWIOS Oldebroek,Unknown Stadium,0,Unknown Coach,25
5405,FK Sloboda Tuzla,Unknown Stadium,0,Unknown Coach,25
38173,Vélez CF,Unknown Stadium,0,Unknown Coach,25
5411,FC Honka,Unknown Stadium,0,Unknown Coach,25
21795,Newtongrange Star FC,Unknown Stadium,0,Unknown Coach,25
29988,SV Atlas Delmenhorst,Unknown Stadium,0,Unknown Coach,25
54575,ASD Fanfulla,Unknown Stadium,0,Unknown Coach,25
30006,1.CfR Pforzheim,Unknown Stadium,0,Unknown Coach,25
38204,Lincoln Red Imps FC,Unknown Stadium,0,Unknown Coach,25
38208,St Joseph's FC,Unknown Stadium,0,Unknown Coach,25
5446,SV Alemannia Waldalgesheim,Unknown Stadium,0,Unknown Coach,25
13642,BVV Barendrecht,Unknown Stadium,0,Unknown Coach,25
21835,FC UNA Strassen,Unknown Stadium,0,Unknown Coach,25
5460,FT Braunschweig,Unknown Stadium,0,Unknown Coach,25
54613,Club_54613,Unknown Stadium,0,Unknown Coach,25
30037,FK Celik Niksic,Unknown Stadium,0,Unknown Coach,25
21851,Aittitos Spaton,Unknown Stadium,0,Unknown Coach,25
13661,Shotts Bon Accord,Unknown Stadium,0,Unknown Coach,25
13663,Club_13663,Unknown Stadium,0,Unknown Coach,25
21864,Thór Akureyri,Unknown Stadium,0,Unknown Coach,25
54633,EG El Palmar CF,Unknown Stadium,0,Unknown Coach,25
13674,Syria,Unknown Stadium,0,Unknown Coach,25
13677,Whitehill Welfare FC,Unknown Stadium,0,Unknown Coach,25
21875,Stjarnan Gardabaer,Unknown Stadium,0,Unknown Coach,25
38268,CD Manchego Ciudad Real,Unknown Stadium,0,Unknown Coach,25
54653,Club_54653,Unknown Stadium,0,Unknown Coach,25
54654,FC Graesrödderne,Unknown Stadium,0,Unknown Coach,25
54658,Haarby/Flemlöse,Unknown Stadium,0,Unknown Coach,25
54659,Club_54659,Unknown Stadium,0,Unknown Coach,25
54660,Club_54660,Unknown Stadium,0,Unknown Coach,25
21890,Asteras Iteas,Unknown Stadium,0,Unknown Coach,25
54662,Vatanspor,Unknown Stadium,0,Unknown Coach,25
120198,Club_120198,Unknown Stadium,0,Unknown Coach,25
13702,CF Rayo Majadahonda,Unknown Stadium,0,Unknown Coach,25
5514,Calcio Lecco 1912,Unknown Stadium,0,Unknown Coach,25
21903,Bukovyna Chernivtsi,Unknown Stadium,0,Unknown Coach,25
1097,SV Meerssen,Unknown Stadium,0,Unknown Coach,25
38290,Pro Piacenza 1919,Unknown Stadium,0,Unknown Coach,25
5539,AO Chalkis,Unknown Stadium,0,Unknown Coach,25
5540,AS Kastoria 1980,Unknown Stadium,0,Unknown Coach,25
5543,SSD Chieti Calcio,Unknown Stadium,0,Unknown Coach,25
5548,Worcester City,Unknown Stadium,0,Unknown Coach,25
21934,FC Luftëtari (- 2020),Unknown Stadium,0,Unknown Coach,25
30127,Biggleswade Town,Unknown Stadium,0,Unknown Coach,25
1104,ACR Messina,Unknown Stadium,0,Unknown Coach,25
21941,AS Fokikos Amfissas,Unknown Stadium,0,Unknown Coach,25
9246,Jaegersborg BK,Unknown Stadium,0,Unknown Coach,25
5560,BSV Schwarz-Weiß Rehden,Unknown Stadium,0,Unknown Coach,25
5580,Loch Ness FC,Unknown Stadium,0,Unknown Coach,25
21965,ASV De Dijk,Unknown Stadium,0,Unknown Coach,25
21966,RKSV Nuenen,Unknown Stadium,0,Unknown Coach,25
5585,SS Barletta Calcio,Unknown Stadium,0,Unknown Coach,25
5587,SS Juve Stabia,Unknown Stadium,0,Unknown Coach,25
5594,Portadown FC,Unknown Stadium,0,Unknown Coach,25
5598,China,Unknown Stadium,0,Unknown Coach,25
21984,RKSV UDI '19 Uden,Unknown Stadium,0,Unknown Coach,25
112110,FC Kulykiv-Bilka,Unknown Stadium,0,Unknown Coach,25
5615,Alma Juventus Fano 1906,Unknown Stadium,0,Unknown Coach,25
112114,Penuel Kryvyi Rig,Unknown Stadium,0,Unknown Coach,25
5621,AC Reggiana 1919,Unknown Stadium,0,Unknown Coach,25
22010,FK Qabala,Unknown Stadium,0,Unknown Coach,25
30205,ASD Città di Marino,Unknown Stadium,0,Unknown Coach,25
38405,Atlético de Lugones,Unknown Stadium,0,Unknown Coach,25
54797,Kvant Obninsk,Unknown Stadium,0,Unknown Coach,25
5646,VfB Eichstätt,Unknown Stadium,0,Unknown Coach,25
5647,Rostocker FC 1895,Unknown Stadium,0,Unknown Coach,25
5648,Gimnàstic de Tarragona,Unknown Stadium,0,Unknown Coach,25
5650,Pontevedra CF,Unknown Stadium,0,Unknown Coach,25
5660,Linlithgow Rose FC,Unknown Stadium,0,Unknown Coach,25
22045,US Latina Calcio,Unknown Stadium,0,Unknown Coach,25
120348,Club_120348,Unknown Stadium,0,Unknown Coach,25
5674,Northern Ireland,Unknown Stadium,0,Unknown Coach,25
5676,Thailand,Unknown Stadium,0,Unknown Coach,25
46643,FC Petrocub Hincesti,Unknown Stadium,0,Unknown Coach,25
38456,UE Olot,Unknown Stadium,0,Unknown Coach,25
5704,Gabon,Unknown Stadium,0,Unknown Coach,25
5714,Dalum IF,Unknown Stadium,0,Unknown Coach,25
5716,BK Fremad Amager,Unknown Stadium,0,Unknown Coach,25
5722,Club_5722,Unknown Stadium,0,Unknown Coach,25
22108,Corby Town,Unknown Stadium,0,Unknown Coach,25
22112,FC Sydvest 05,Unknown Stadium,0,Unknown Coach,25
22113,Frederikssund IK,Unknown Stadium,0,Unknown Coach,25
46688,Colville Park AFC,Unknown Stadium,0,Unknown Coach,25
5733,Nyköbing FC,Unknown Stadium,0,Unknown Coach,25
5734,Young Boys FD,Unknown Stadium,0,Unknown Coach,25
22123,US Città di Fasano,Unknown Stadium,0,Unknown Coach,25
5750,Ecuador,Unknown Stadium,0,Unknown Coach,25
5751,Nairn County FC,Unknown Stadium,0,Unknown Coach,25
46710,Zira FC,Unknown Stadium,0,Unknown Coach,25
30326,Gelbison,Unknown Stadium,0,Unknown Coach,25
22140,KF Laçi,Unknown Stadium,0,Unknown Coach,25
5765,Fjordager IF,Unknown Stadium,0,Unknown Coach,25
13957,India,Unknown Stadium,0,Unknown Coach,25
5767,Middelfart Boldklub,Unknown Stadium,0,Unknown Coach,25
13958,Indonesia,Unknown Stadium,0,Unknown Coach,25
54922,Atom Novovoronezh,Unknown Stadium,0,Unknown Coach,25
5771,FCI Levadia,Unknown Stadium,0,Unknown Coach,25
54923,FC Cherepovets,Unknown Stadium,0,Unknown Coach,25
54924,FC Murom,Unknown Stadium,0,Unknown Coach,25
54926,Agrobiznes TSK Romny,Unknown Stadium,0,Unknown Coach,25
38541,Almopos Arideas,Unknown Stadium,0,Unknown Coach,25
5777,Greve Fodbold,Unknown Stadium,0,Unknown Coach,25
46735,Vildbjerg SF,Unknown Stadium,0,Unknown Coach,25
5781,Skive IK,Unknown Stadium,0,Unknown Coach,25
13975,Tajikistan,Unknown Stadium,0,Unknown Coach,25
5784,Aarhus Fremad,Unknown Stadium,0,Unknown Coach,25
5790,B1909 Odense,Unknown Stadium,0,Unknown Coach,25
5791,B1913 Odense,Unknown Stadium,0,Unknown Coach,25
5792,Boldklubben Skjold,Unknown Stadium,0,Unknown Coach,25
38561,Correggese Calcio 1948,Unknown Stadium,0,Unknown Coach,25
22187,USD Breno,Unknown Stadium,0,Unknown Coach,25
5834,Lystrup IF,Unknown Stadium,0,Unknown Coach,25
22220,FC Astana,Unknown Stadium,0,Unknown Coach,25
14029,UD Villa de Santa Brígida,Unknown Stadium,0,Unknown Coach,25
5838,Ringköbing IF,Unknown Stadium,0,Unknown Coach,25
54990,Buryatia Ulan-Ude,Unknown Stadium,0,Unknown Coach,25
5840,Roskilde KFUM,Unknown Stadium,0,Unknown Coach,25
5842,VSK Aarhus,Unknown Stadium,0,Unknown Coach,25
5843,Solröd FC,Unknown Stadium,0,Unknown Coach,25
5849,Víkingur Reykjavík,Unknown Stadium,0,Unknown Coach,25
5850,Virum-Sorgenfri BK,Unknown Stadium,0,Unknown Coach,25
22235,Boldklubben Marienlyst,Unknown Stadium,0,Unknown Coach,25
30433,FCI Tallinn,Unknown Stadium,0,Unknown Coach,25
55013,Legion-Dinamo Makhachkala,Unknown Stadium,0,Unknown Coach,25
5862,ND Gorica,Unknown Stadium,0,Unknown Coach,25
55015,Delin Izhevsk,Unknown Stadium,0,Unknown Coach,25
22249,Audace Cerignola,Unknown Stadium,0,Unknown Coach,25
5866,Brönshöj Boldklub,Unknown Stadium,0,Unknown Coach,25
5869,Glostrup FK,Unknown Stadium,0,Unknown Coach,25
5870,Club_5870,Unknown Stadium,0,Unknown Coach,25
5872,Burkina Faso,Unknown Stadium,0,Unknown Coach,25
5874,Brabrand IF,Unknown Stadium,0,Unknown Coach,25
5881,Hedensted IF,Unknown Stadium,0,Unknown Coach,25
46841,FC Westfields,Unknown Stadium,0,Unknown Coach,25
71419,Olimp Khimki (-2020),Unknown Stadium,0,Unknown Coach,25
38651,CD Santa Amalia,Unknown Stadium,0,Unknown Coach,25
5883,Jetsmark IF,Unknown Stadium,0,Unknown Coach,25
46842,Hereford FC,Unknown Stadium,0,Unknown Coach,25
5889,Naesby Boldklub,Unknown Stadium,0,Unknown Coach,25
120578,Club_120578,Unknown Stadium,0,Unknown Coach,25
120579,Ontiñena CF,Unknown Stadium,0,Unknown Coach,25
5892,Slagelse B&I,Unknown Stadium,0,Unknown Coach,25
120577,UD Playas de Sotavento,Unknown Stadium,0,Unknown Coach,25
46854,Mérida AD,Unknown Stadium,0,Unknown Coach,25
63241,Club_63241,Unknown Stadium,0,Unknown Coach,25
5904,Varde IF,Unknown Stadium,0,Unknown Coach,25
128785,KDV Tomsk,Unknown Stadium,0,Unknown Coach,25
5906,Aalborg Chang,Unknown Stadium,0,Unknown Coach,25
22294,AS Viterbese Castrense,Unknown Stadium,0,Unknown Coach,25
5918,Otterup B&IK,Unknown Stadium,0,Unknown Coach,25
5925,Avarta,Unknown Stadium,0,Unknown Coach,25
46887,KF Dukagjini,Unknown Stadium,0,Unknown Coach,25
5929,Aabenraa BK,Unknown Stadium,0,Unknown Coach,25
46889,Cray Valley Paper Mills,Unknown Stadium,0,Unknown Coach,25
55088,Dalstroyindustriya Komsomolsk-na-Amure,Unknown Stadium,0,Unknown Coach,25
55091,Sudnobudivnyk Mykolaiv,Unknown Stadium,0,Unknown Coach,25
22327,FC Rot-Weiß Koblenz,Unknown Stadium,0,Unknown Coach,25
5947,Svebölle BI,Unknown Stadium,0,Unknown Coach,25
22333,AC Ponte San Pietro-Isola,Unknown Stadium,0,Unknown Coach,25
22338,Terracina Calcio,Unknown Stadium,0,Unknown Coach,25
5957,FC Nakskov,Unknown Stadium,0,Unknown Coach,25
120646,Agrotekh Tyshkivka,Unknown Stadium,0,Unknown Coach,25
87879,FK Kudrivka (- 2024),Unknown Stadium,0,Unknown Coach,25
5964,Club_5964,Unknown Stadium,0,Unknown Coach,25
55120,DAW Schaijk,Unknown Stadium,0,Unknown Coach,25
14161,Haiti,Unknown Stadium,0,Unknown Coach,25
5970,FK Siauliai (-2016),Unknown Stadium,0,Unknown Coach,25
14162,Qatar,Unknown Stadium,0,Unknown Coach,25
5972,Rudar Pljevlja,Unknown Stadium,0,Unknown Coach,25
14165,Oman,Unknown Stadium,0,Unknown Coach,25
14178,Neman Grodno,Unknown Stadium,0,Unknown Coach,25
5987,Vordingborg IF,Unknown Stadium,0,Unknown Coach,25
6000,Herlev IF,Unknown Stadium,0,Unknown Coach,25
22388,Lochee United FC,Unknown Stadium,0,Unknown Coach,25
6017,IFK Mariehamn,Unknown Stadium,0,Unknown Coach,25
87938,Harborough Town,Unknown Stadium,0,Unknown Coach,25
6028,Ironi Kiryat Shmona,Unknown Stadium,0,Unknown Coach,25
55187,Amvrysseas Distomou,Unknown Stadium,0,Unknown Coach,25
30613,Kisvárda FC,Unknown Stadium,0,Unknown Coach,25
22426,St. Cuthbert Wanderers FC,Unknown Stadium,0,Unknown Coach,25
22428,Wigtown & Bladnoch FC,Unknown Stadium,0,Unknown Coach,25
6055,ETO FC,Unknown Stadium,0,Unknown Coach,25
22444,Dnepr Smolensk,Unknown Stadium,0,Unknown Coach,25
6066,Dundalk FC,Unknown Stadium,0,Unknown Coach,25
38834,CD Cortes,Unknown Stadium,0,Unknown Coach,25
6069,University College Dublin,Unknown Stadium,0,Unknown Coach,25
22461,Caernarfon Town,Unknown Stadium,0,Unknown Coach,25
6085,Spartak Tambov (-2014),Unknown Stadium,0,Unknown Coach,25
71623,Torpedo Miass,Unknown Stadium,0,Unknown Coach,25
71624,Spartak Tambov,Unknown Stadium,0,Unknown Coach,25
6089,Casarano Calcio,Unknown Stadium,0,Unknown Coach,25
47051,CD El Álamo,Unknown Stadium,0,Unknown Coach,25
6098,PO Atsaleniou,Unknown Stadium,0,Unknown Coach,25
6100,APO Keratsini,Unknown Stadium,0,Unknown Coach,25
71638,Tobol Tobolsk,Unknown Stadium,0,Unknown Coach,25
6105,FC Ashdod,Unknown Stadium,0,Unknown Coach,25
30686,FC Milsami Orhei,Unknown Stadium,0,Unknown Coach,25
22499,Connah's Quay Nomads,Unknown Stadium,0,Unknown Coach,25
112611,TST Fodbold,Unknown Stadium,0,Unknown Coach,25
112612,Gug B,Unknown Stadium,0,Unknown Coach,25
22502,Cefn Druids,Unknown Stadium,0,Unknown Coach,25
112615,Köge Union,Unknown Stadium,0,Unknown Coach,25
30696,UD Socuéllamos,Unknown Stadium,0,Unknown Coach,25
30697,Podillya Khmelnytskyi,Unknown Stadium,0,Unknown Coach,25
30698,Girnyk Kryvyi Rig,Unknown Stadium,0,Unknown Coach,25
6128,VfL Oldenburg,Unknown Stadium,0,Unknown Coach,25
6130,VV Ter Leede,Unknown Stadium,0,Unknown Coach,25
6131,Dynamo Brest,Unknown Stadium,0,Unknown Coach,25
38899,King's Lynn Town,Unknown Stadium,0,Unknown Coach,25
6150,USC Paloma Hamburg,Unknown Stadium,0,Unknown Coach,25
14344,FC Ulisses Yerevan,Unknown Stadium,0,Unknown Coach,25
38921,Dinamo-Auto Tiraspol (-2024),Unknown Stadium,0,Unknown Coach,25
6160,De Treffers,Unknown Stadium,0,Unknown Coach,25
6163,FK Senica (- 2022),Unknown Stadium,0,Unknown Coach,25
6168,Barrow AFC,Unknown Stadium,0,Unknown Coach,25
22552,Whitehawk FC,Unknown Stadium,0,Unknown Coach,25
6170,KÍ Klaksvík,Unknown Stadium,0,Unknown Coach,25
6169,Dulwich Hamlet,Unknown Stadium,0,Unknown Coach,25
22553,Chichester City,Unknown Stadium,0,Unknown Coach,25
14361,FC Teutonia 05 Ottensen,Unknown Stadium,0,Unknown Coach,25
55329,FC Irkutsk,Unknown Stadium,0,Unknown Coach,25
22563,Oxford City,Unknown Stadium,0,Unknown Coach,25
6181,FK Daugava Riga,Unknown Stadium,0,Unknown Coach,25
55337,Asteras Vlachioti,Unknown Stadium,0,Unknown Coach,25
6188,Johnstone Burgh FC,Unknown Stadium,0,Unknown Coach,25
71732,Thyella Sarakinon,Unknown Stadium,0,Unknown Coach,25
71733,PAONE Eptalofou,Unknown Stadium,0,Unknown Coach,25
71734,Megas Alexandros Agias Marinas,Unknown Stadium,0,Unknown Coach,25
71735,Club_71735,Unknown Stadium,0,Unknown Coach,25
22595,Didcot Town FC,Unknown Stadium,0,Unknown Coach,25
6212,Real Ávila CF,Unknown Stadium,0,Unknown Coach,25
71781,Saronikos Anavyssou,Unknown Stadium,0,Unknown Coach,25
55398,Ourense CF,Unknown Stadium,0,Unknown Coach,25
6248,NK Domzale,Unknown Stadium,0,Unknown Coach,25
6251,Kuopion Palloseura,Unknown Stadium,0,Unknown Coach,25
112751,CF Tardienta,Unknown Stadium,0,Unknown Coach,25
71792,APO Atalantis,Unknown Stadium,0,Unknown Coach,25
112752,CD Zirauki,Unknown Stadium,0,Unknown Coach,25
112753,Deportivo Murcia FC,Unknown Stadium,0,Unknown Coach,25
112754,CD Sauzal,Unknown Stadium,0,Unknown Coach,25
112755,CU Zona Norte,Unknown Stadium,0,Unknown Coach,25
71798,Aetos Loutron,Unknown Stadium,0,Unknown Coach,25
71800,Apollon Agiou Ioanni,Unknown Stadium,0,Unknown Coach,25
6266,Cavese 1919,Unknown Stadium,0,Unknown Coach,25
6267,Ilysiakos AO,Unknown Stadium,0,Unknown Coach,25
55421,FC Winterswijk,Unknown Stadium,0,Unknown Coach,25
30863,CA Pulpileño,Unknown Stadium,0,Unknown Coach,25
22672,AFC Fylde,Unknown Stadium,0,Unknown Coach,25
71824,Aris Voulas,Unknown Stadium,0,Unknown Coach,25
55446,Club_55446,Unknown Stadium,0,Unknown Coach,25
22682,KF Trepca 89,Unknown Stadium,0,Unknown Coach,25
22687,Stourbridge FC,Unknown Stadium,0,Unknown Coach,25
6303,Mexico,Unknown Stadium,0,Unknown Coach,25
22692,Skelmersdale United,Unknown Stadium,0,Unknown Coach,25
22703,VV De Meern,Unknown Stadium,0,Unknown Coach,25
6320,Thermaikos Thermis,Unknown Stadium,0,Unknown Coach,25
6324,Penicuik Athletic FC,Unknown Stadium,0,Unknown Coach,25
6325,Pollok FC,Unknown Stadium,0,Unknown Coach,25
14524,Dundonald Bluebell JFC,Unknown Stadium,0,Unknown Coach,25
6335,Valletta FC,Unknown Stadium,0,Unknown Coach,25
63681,PO Triglias,Unknown Stadium,0,Unknown Coach,25
6340,Braintree Town,Unknown Stadium,0,Unknown Coach,25
6356,Mamelodi Sundowns FC,Unknown Stadium,0,Unknown Coach,25
47317,AD Valdinievole Montecatini,Unknown Stadium,0,Unknown Coach,25
63702,AO Ypatou,Unknown Stadium,0,Unknown Coach,25
6359,Tayport FC,Unknown Stadium,0,Unknown Coach,25
6365,FC Locomotive Tbilisi,Unknown Stadium,0,Unknown Coach,25
30956,AZSV Aalten,Unknown Stadium,0,Unknown Coach,25
63733,PS Sparti,Unknown Stadium,0,Unknown Coach,25
63734,Club_63734,Unknown Stadium,0,Unknown Coach,25
14590,Spartak Kostroma,Unknown Stadium,0,Unknown Coach,25
22783,Kalju FC,Unknown Stadium,0,Unknown Coach,25
6400,Buckie Thistle FC,Unknown Stadium,0,Unknown Coach,25
6402,AO Mandraikos,Unknown Stadium,0,Unknown Coach,25
6407,Dinamo St. Petersburg (-2018),Unknown Stadium,0,Unknown Coach,25
121097,Broke Boys Moscow,Unknown Stadium,0,Unknown Coach,25
121098,Anri Vladivostok,Unknown Stadium,0,Unknown Coach,25
121099,ZOV Moscow,Unknown Stadium,0,Unknown Coach,25
121100,SShOR-1 Kristall St. Petersburg,Unknown Stadium,0,Unknown Coach,25
6413,Lada Dimitrovgrad,Unknown Stadium,0,Unknown Coach,25
6410,FK Slavyanskiy (-2013),Unknown Stadium,0,Unknown Coach,25
6419,Pskov-747 (-2020),Unknown Stadium,0,Unknown Coach,25
6422,MFK Mykolaiv,Unknown Stadium,0,Unknown Coach,25
22810,FK Armavir,Unknown Stadium,0,Unknown Coach,25
6430,Uralets-TS Nizhniy Tagil,Unknown Stadium,0,Unknown Coach,25
6432,Volgar Astrakhan,Unknown Stadium,0,Unknown Coach,25
6433,Zenit Izhevsk,Unknown Stadium,0,Unknown Coach,25
6434,Zvezda Perm,Unknown Stadium,0,Unknown Coach,25
39200,Luki-Energia Velikie Luki,Unknown Stadium,0,Unknown Coach,25
6436,Metallurg Magnitogorsk,Unknown Stadium,0,Unknown Coach,25
55591,Dinamo St. Petersburg,Unknown Stadium,0,Unknown Coach,25
14632,Aias Salaminas,Unknown Stadium,0,Unknown Coach,25
22832,JK Sillamäe Kalev,Unknown Stadium,0,Unknown Coach,25
22842,FC Gagra,Unknown Stadium,0,Unknown Coach,25
6461,PAO Rouf,Unknown Stadium,0,Unknown Coach,25
47421,CF Talavera de la Reina,Unknown Stadium,0,Unknown Coach,25
14666,Tanzania,Unknown Stadium,0,Unknown Coach,25
55632,Club_55632,Unknown Stadium,0,Unknown Coach,25
14672,Tonbridge Angels,Unknown Stadium,0,Unknown Coach,25
55644,CP Mijas Las Lagunas,Unknown Stadium,0,Unknown Coach,25
22879,PFK Shakhtar Sverdlovsk,Unknown Stadium,0,Unknown Coach,25
31082,Zhemchuzhyna Yalta (- 2014),Unknown Stadium,0,Unknown Coach,25
80237,FK Utopia,Unknown Stadium,0,Unknown Coach,25
47486,CD Quintanar del Rey,Unknown Stadium,0,Unknown Coach,25
22928,Club_22928,Unknown Stadium,0,Unknown Coach,25
22929,Odense KFUM,Unknown Stadium,0,Unknown Coach,25
6547,Darvel FC,Unknown Stadium,0,Unknown Coach,25
6549,VV De Bataven Gendt,Unknown Stadium,0,Unknown Coach,25
31130,Newtown AFC,Unknown Stadium,0,Unknown Coach,25
6563,Astur CF,Unknown Stadium,0,Unknown Coach,25
47525,Club_47525,Unknown Stadium,0,Unknown Coach,25
6567,Auchinleck Talbot FC,Unknown Stadium,0,Unknown Coach,25
14763,Aalborg Freja IK,Unknown Stadium,0,Unknown Coach,25
6579,AFC Sudbury,Unknown Stadium,0,Unknown Coach,25
14773,Salisbury City (- 2014),Unknown Stadium,0,Unknown Coach,25
80310,Kerteminde BK,Unknown Stadium,0,Unknown Coach,25
80309,Bogense G&IF,Unknown Stadium,0,Unknown Coach,25
63935,Souli Paramythias,Unknown Stadium,0,Unknown Coach,25
6601,SV Blerick,Unknown Stadium,0,Unknown Coach,25
6603,Wydad Casablanca,Unknown Stadium,0,Unknown Coach,25
14796,CF La Nucía,Unknown Stadium,0,Unknown Coach,25
6609,UD Lanzarote,Unknown Stadium,0,Unknown Coach,25
22995,Qyzyljar Petropavlovsk,Unknown Stadium,0,Unknown Coach,25
6614,SVV Scheveningen,Unknown Stadium,0,Unknown Coach,25
55772,GSD Ambrosiana,Unknown Stadium,0,Unknown Coach,25
23010,Marine FC,Unknown Stadium,0,Unknown Coach,25
6638,CF Badalona,Unknown Stadium,0,Unknown Coach,25
23022,Gornyak Uchaly,Unknown Stadium,0,Unknown Coach,25
63993,Sabah FK,Unknown Stadium,0,Unknown Coach,25
72186,Amvrakikos Loutrou,Unknown Stadium,0,Unknown Coach,25
72187,AO Potamias,Unknown Stadium,0,Unknown Coach,25
72188,Ermis Kanaliou,Unknown Stadium,0,Unknown Coach,25
39432,VV SteDoCo,Unknown Stadium,0,Unknown Coach,25
6671,Olympia Volgograd,Unknown Stadium,0,Unknown Coach,25
6672,Salyut Belgorod,Unknown Stadium,0,Unknown Coach,25
6673,SKA Rostov-na-Donu,Unknown Stadium,0,Unknown Coach,25
6678,Thrasyvoulos Fylis,Unknown Stadium,0,Unknown Coach,25
31255,SS Akragas Città dei Templi,Unknown Stadium,0,Unknown Coach,25
6683,Canvey Island FC,Unknown Stadium,0,Unknown Coach,25
6684,Gainsborough Trinity,Unknown Stadium,0,Unknown Coach,25
6685,CD Utrera,Unknown Stadium,0,Unknown Coach,25
6692,Novara Calcio 1908,Unknown Stadium,0,Unknown Coach,25
14888,US Città di Pontedera,Unknown Stadium,0,Unknown Coach,25
6699,Exeter City,Unknown Stadium,0,Unknown Coach,25
31276,FK Sfîntul Gheorghe Suruceni (- 2023),Unknown Stadium,0,Unknown Coach,25
39470,TSV Steinbach Haiger,Unknown Stadium,0,Unknown Coach,25
23088,Airbus UK Broughton,Unknown Stadium,0,Unknown Coach,25
96822,Naftovyk Dolyna,Unknown Stadium,0,Unknown Coach,25
64057,Amager FF,Unknown Stadium,0,Unknown Coach,25
55875,CD Buñol,Unknown Stadium,0,Unknown Coach,25
23110,FK Chelyabinsk,Unknown Stadium,0,Unknown Coach,25
55881,UD Llanera,Unknown Stadium,0,Unknown Coach,25
72265,Pioner Leningradskaya,Unknown Stadium,0,Unknown Coach,25
4594,AS Leonidiou,Unknown Stadium,0,Unknown Coach,25
23118,Stratford Town,Unknown Stadium,0,Unknown Coach,25
6764,Beroe Stara Zagora,Unknown Stadium,0,Unknown Coach,25
6776,SSV Jeddeloh II,Unknown Stadium,0,Unknown Coach,25
23161,Club_23161,Unknown Stadium,0,Unknown Coach,25
31367,Chester FC,Unknown Stadium,0,Unknown Coach,25
55944,Atlético Espeleño,Unknown Stadium,0,Unknown Coach,25
6808,HSK Zrinjski Mostar,Unknown Stadium,0,Unknown Coach,25
55976,Tolosa CF,Unknown Stadium,0,Unknown Coach,25
88809,RKVV Zwaluw VFC Vught,Unknown Stadium,0,Unknown Coach,25
6908,Hayes & Yeading FC,Unknown Stadium,0,Unknown Coach,25
23297,HB Köge,Unknown Stadium,0,Unknown Coach,25
23303,Civil Service Strollers FC,Unknown Stadium,0,Unknown Coach,25
23304,Leith Athletic FC,Unknown Stadium,0,Unknown Coach,25
47880,CD Ebro,Unknown Stadium,0,Unknown Coach,25
15122,Nart Cherkessk,Unknown Stadium,0,Unknown Coach,25
39711,ACD Campodarsego,Unknown Stadium,0,Unknown Coach,25
23336,Vale of Leithen FC,Unknown Stadium,0,Unknown Coach,25
23337,Wick Academy FC,Unknown Stadium,0,Unknown Coach,25
15171,FC Hennef 05,Unknown Stadium,0,Unknown Coach,25
129864,Kolos Polonne,Unknown Stadium,0,Unknown Coach,25
23370,Kalev Tallinn,Unknown Stadium,0,Unknown Coach,25
23371,Paide Linnameeskond,Unknown Stadium,0,Unknown Coach,25
88907,FK Skoruk,Unknown Stadium,0,Unknown Coach,25
72529,Peresvet Domodedovo,Unknown Stadium,0,Unknown Coach,25
23380,Serbia and Montenegro,Unknown Stadium,0,Unknown Coach,25
23377,FC Ponsacco 1920,Unknown Stadium,0,Unknown Coach,25
7021,Einheit Wernigerode,Unknown Stadium,0,Unknown Coach,25
7025,SV Todesfelde,Unknown Stadium,0,Unknown Coach,25
39803,Sirens FC,Unknown Stadium,0,Unknown Coach,25
15229,Botswana,Unknown Stadium,0,Unknown Coach,25
31614,Ludogorets Razgrad,Unknown Stadium,0,Unknown Coach,25
72577,FK Essentuki (-2023),Unknown Stadium,0,Unknown Coach,25
31619,Aias Gastounis,Unknown Stadium,0,Unknown Coach,25
7047,Maidstone United,Unknown Stadium,0,Unknown Coach,25
7048,Bradford Park Avenue,Unknown Stadium,0,Unknown Coach,25
7052,CF Villanovense,Unknown Stadium,0,Unknown Coach,25
15244,Ballymena United FC,Unknown Stadium,0,Unknown Coach,25
7056,CD Mafra,Unknown Stadium,0,Unknown Coach,25
7067,Billericay Town,Unknown Stadium,0,Unknown Coach,25
80802,VV Kolping Boys Oudorp,Unknown Stadium,0,Unknown Coach,25
7077,FC Cartagena,Unknown Stadium,0,Unknown Coach,25
7087,MFK Ruzomberok,Unknown Stadium,0,Unknown Coach,25
121776,LKB/Gistrup,Unknown Stadium,0,Unknown Coach,25
121775,F.C. Gladsaxe,Unknown Stadium,0,Unknown Coach,25
7090,Kapaz PFK,Unknown Stadium,0,Unknown Coach,25
121778,Lemming IF,Unknown Stadium,0,Unknown Coach,25
121777,AC Football Club,Unknown Stadium,0,Unknown Coach,25
15299,Zhetysu Taldykorgan,Unknown Stadium,0,Unknown Coach,25
7110,Quick Boys,Unknown Stadium,0,Unknown Coach,25
7116,VV IJsselmeervogels,Unknown Stadium,0,Unknown Coach,25
7119,UD Vilafranquense,Unknown Stadium,0,Unknown Coach,25
7123,Maidenhead United,Unknown Stadium,0,Unknown Coach,25
7130,JK Trans Narva,Unknown Stadium,0,Unknown Coach,25
72676,AE Evosmou,Unknown Stadium,0,Unknown Coach,25
7149,Trinidad and Tobago,Unknown Stadium,0,Unknown Coach,25
23533,VC Vlissingen,Unknown Stadium,0,Unknown Coach,25
7153,Zawisza Bydgoszcz,Unknown Stadium,0,Unknown Coach,25
72702,FC Spaeri Tbilisi,Unknown Stadium,0,Unknown Coach,25
121857,Club_121857,Unknown Stadium,0,Unknown Coach,25
121858,PAS Spartis,Unknown Stadium,0,Unknown Coach,25
121859,Club_121859,Unknown Stadium,0,Unknown Coach,25
23559,FK Banga Gargzdai,Unknown Stadium,0,Unknown Coach,25
23560,FK Kruoja Pakruojis (-2015),Unknown Stadium,0,Unknown Coach,25
15374,Calcio Portogruaro-Summaga,Unknown Stadium,0,Unknown Coach,25
80916,FK Sumy,Unknown Stadium,0,Unknown Coach,25
64534,Struga Trim & Lum,Unknown Stadium,0,Unknown Coach,25
7197,Potenza Calcio,Unknown Stadium,0,Unknown Coach,25
31775,Syngenta FC,Unknown Stadium,0,Unknown Coach,25
7214,Bahrain,Unknown Stadium,0,Unknown Coach,25
39989,Frattese Calcio,Unknown Stadium,0,Unknown Coach,25
23613,Formartine United FC,Unknown Stadium,0,Unknown Coach,25
23614,Fort William FC,Unknown Stadium,0,Unknown Coach,25
23616,Fraserburgh FC,Unknown Stadium,0,Unknown Coach,25
23617,Lossiemouth FC,Unknown Stadium,0,Unknown Coach,25
23619,Rothes FC,Unknown Stadium,0,Unknown Coach,25
23620,Strathspey Thistle FC,Unknown Stadium,0,Unknown Coach,25
23621,Turriff United FC,Unknown Stadium,0,Unknown Coach,25
23634,FK Poltava (-2018),Unknown Stadium,0,Unknown Coach,25
15447,Ontinyent CF,Unknown Stadium,0,Unknown Coach,25
15457,North Korea,Unknown Stadium,0,Unknown Coach,25
80996,FC Malisheva,Unknown Stadium,0,Unknown Coach,25
121966,CD Villamuriel,Unknown Stadium,0,Unknown Coach,25
23664,FK Minsk,Unknown Stadium,0,Unknown Coach,25
105584,Granitis Agias Marinas,Unknown Stadium,0,Unknown Coach,25
7294,VV WKE Emmen,Unknown Stadium,0,Unknown Coach,25
56447,SSD San Nicolò Notaresco,Unknown Stadium,0,Unknown Coach,25
31872,Termoli Calcio 1920,Unknown Stadium,0,Unknown Coach,25
48260,Akadimia Platamona,Unknown Stadium,0,Unknown Coach,25
23685,Coldstream FC,Unknown Stadium,0,Unknown Coach,25
23686,Easthouses Lily Miners Welfare FC,Unknown Stadium,0,Unknown Coach,25
23688,Hawick Royal Albert United FC,Unknown Stadium,0,Unknown Coach,25
23692,University of Stirling FC,Unknown Stadium,0,Unknown Coach,25
23701,Culter FC,Unknown Stadium,0,Unknown Coach,25
23703,Dundee North End FC,Unknown Stadium,0,Unknown Coach,25
122007,Rebel Kyiv,Unknown Stadium,0,Unknown Coach,25
23705,Dunipace FC,Unknown Stadium,0,Unknown Coach,25
40090,FK Kauno Zalgiris,Unknown Stadium,0,Unknown Coach,25
23707,Hermes FC,Unknown Stadium,0,Unknown Coach,25
23718,Newton Stewart FC,Unknown Stadium,0,Unknown Coach,25
89260,Braendekilde-Bellinge Boldklub,Unknown Stadium,0,Unknown Coach,25
48325,Riga FC,Unknown Stadium,0,Unknown Coach,25
97481,Medeya - Nevytskyi Zamok Onokivska TG,Unknown Stadium,0,Unknown Coach,25
40139,CD Sariñena,Unknown Stadium,0,Unknown Coach,25
23777,SJK Seinäjoki,Unknown Stadium,0,Unknown Coach,25
40162,CD Tropezón,Unknown Stadium,0,Unknown Coach,25
7393,RKSV ROHDA Raalte,Unknown Stadium,0,Unknown Coach,25
97510,VAST Mykolaiv,Unknown Stadium,0,Unknown Coach,25
40168,AD San Juan,Unknown Stadium,0,Unknown Coach,25
40175,UD Mutilvera,Unknown Stadium,0,Unknown Coach,25
7408,Harkemase Boys,Unknown Stadium,0,Unknown Coach,25
105712,CD Gévora,Unknown Stadium,0,Unknown Coach,25
81150,Olimpia Savyntsi,Unknown Stadium,0,Unknown Coach,25
82887,AS Santorinis 2020,Unknown Stadium,0,Unknown Coach,25
64780,Atlètic Club d'Escaldes,Unknown Stadium,0,Unknown Coach,25
97548,FC Lisne,Unknown Stadium,0,Unknown Coach,25
32017,FC Dila Gori,Unknown Stadium,0,Unknown Coach,25
81169,FC Chernigiv,Unknown Stadium,0,Unknown Coach,25
7450,GVV Unitas,Unknown Stadium,0,Unknown Coach,25
15643,UD Fraga,Unknown Stadium,0,Unknown Coach,25
7454,Welling United,Unknown Stadium,0,Unknown Coach,25
32036,Avangard Kramatorsk,Unknown Stadium,0,Unknown Coach,25
7474,VV Noordwijk,Unknown Stadium,0,Unknown Coach,25
7476,Iraklis Larisas,Unknown Stadium,0,Unknown Coach,25
7481,VV DOVO Veenendaal,Unknown Stadium,0,Unknown Coach,25
40253,MASV Arnhem,Unknown Stadium,0,Unknown Coach,25
89408,Görslev IF,Unknown Stadium,0,Unknown Coach,25
73030,Club_73030,Unknown Stadium,0,Unknown Coach,25
105819,Avangard Lozova,Unknown Stadium,0,Unknown Coach,25
7526,SV ARC Alphen aan den Rijn,Unknown Stadium,0,Unknown Coach,25
23911,Gandzasar Kapan,Unknown Stadium,0,Unknown Coach,25
7527,SV Argon,Unknown Stadium,0,Unknown Coach,25
7534,JOS Watergraafsmeer,Unknown Stadium,0,Unknown Coach,25
15737,Jordan,Unknown Stadium,0,Unknown Coach,25
15738,Malaysia,Unknown Stadium,0,Unknown Coach,25
32125,Mosta FC,Unknown Stadium,0,Unknown Coach,25
7550,HSV De Zuidvogels,Unknown Stadium,0,Unknown Coach,25
32129,Balzan FC,Unknown Stadium,0,Unknown Coach,25
48521,AO Vistonidas,Unknown Stadium,0,Unknown Coach,25
56715,Club_56715,Unknown Stadium,0,Unknown Coach,25
40335,RKSV Minor,Unknown Stadium,0,Unknown Coach,25
56725,CD Cieza,Unknown Stadium,0,Unknown Coach,25
56733,Bowers & Pitsea FC,Unknown Stadium,0,Unknown Coach,25
40352,SS Matelica Calcio,Unknown Stadium,0,Unknown Coach,25
56746,Club_56746,Unknown Stadium,0,Unknown Coach,25
81325,RKVV Sportclub '25 Bocholtz,Unknown Stadium,0,Unknown Coach,25
40373,FC Viktoria 1889 Berlin,Unknown Stadium,0,Unknown Coach,25
40387,FK Karlivka,Unknown Stadium,0,Unknown Coach,25
32218,FK Piter St. Petersburg (-2013),Unknown Stadium,0,Unknown Coach,25
7646,AO Chania,Unknown Stadium,0,Unknown Coach,25
73192,StavropolAgroSoyuz Nevinnomysk,Unknown Stadium,0,Unknown Coach,25
40427,FС Vologda (-2014),Unknown Stadium,0,Unknown Coach,25
40445,Nestos Chrysoupolis,Unknown Stadium,0,Unknown Coach,25
65024,Thyella Kamariou,Unknown Stadium,0,Unknown Coach,25
73244,FK Smolensk (-2021),Unknown Stadium,0,Unknown Coach,25
24106,Club_24106,Unknown Stadium,0,Unknown Coach,25
122422,AE Agiou Dimitriou,Unknown Stadium,0,Unknown Coach,25
48712,Union Titus Petange,Unknown Stadium,0,Unknown Coach,25
40523,FK Nikopol,Unknown Stadium,0,Unknown Coach,25
48725,Club_48725,Unknown Stadium,0,Unknown Coach,25
48728,FC Mykolaiv,Unknown Stadium,0,Unknown Coach,25
56922,AO Neas Artakis,Unknown Stadium,0,Unknown Coach,25
48733,Girnyk Sosnivka,Unknown Stadium,0,Unknown Coach,25
65123,Pangytheatikos,Unknown Stadium,0,Unknown Coach,25
65125,AO Xenofon Krestenon,Unknown Stadium,0,Unknown Coach,25
81509,St Cadoc's YC,Unknown Stadium,0,Unknown Coach,25
15977,Hong Kong,Unknown Stadium,0,Unknown Coach,25
7788,Académico Viseu FC,Unknown Stadium,0,Unknown Coach,25
32364,Curaçao,Unknown Stadium,0,Unknown Coach,25
24181,AB Taarnby,Unknown Stadium,0,Unknown Coach,25
24184,Club_24184,Unknown Stadium,0,Unknown Coach,25
24185,Saedding/Guldager IF,Unknown Stadium,0,Unknown Coach,25
40570,RKSV Volkel,Unknown Stadium,0,Unknown Coach,25
24186,Taarnby FF,Unknown Stadium,0,Unknown Coach,25
40572,SV DFS Opheusden,Unknown Stadium,0,Unknown Coach,25
40573,SVL Langbroek,Unknown Stadium,0,Unknown Coach,25
24189,B.1973 Herlev,Unknown Stadium,0,Unknown Coach,25
24191,IF Føroyar,Unknown Stadium,0,Unknown Coach,25
24192,Ringsted IF,Unknown Stadium,0,Unknown Coach,25
24193,Tuse IF,Unknown Stadium,0,Unknown Coach,25
7803,CD Manacor,Unknown Stadium,0,Unknown Coach,25
24198,Club_24198,Unknown Stadium,0,Unknown Coach,25
24201,Nörresundby FB,Unknown Stadium,0,Unknown Coach,25
16022,Antequera CF,Unknown Stadium,0,Unknown Coach,25
40604,Arda Kardzhali,Unknown Stadium,0,Unknown Coach,25
122524,CF Inter de Valdemoro,Unknown Stadium,0,Unknown Coach,25
48807,Viktor Ponedelnik Football Akademia,Unknown Stadium,0,Unknown Coach,25
24232,Bo'ness United FC,Unknown Stadium,0,Unknown Coach,25
16055,Bergantiños FC,Unknown Stadium,0,Unknown Coach,25
81612,Boldklubben Vestkysten Oksböl,Unknown Stadium,0,Unknown Coach,25
24288,Arsenal-Kyivshchyna Bila Tserkva,Unknown Stadium,0,Unknown Coach,25
16100,Club_16100,Unknown Stadium,0,Unknown Coach,25
7918,AS Trencin,Unknown Stadium,0,Unknown Coach,25
16122,Arenas Club,Unknown Stadium,0,Unknown Coach,25
24326,Ermis Aradippou,Unknown Stadium,0,Unknown Coach,25
57103,AGB Amsterdam,Unknown Stadium,0,Unknown Coach,25
73488,AD Llerenense,Unknown Stadium,0,Unknown Coach,25
32534,FVC Leeuwarden,Unknown Stadium,0,Unknown Coach,25
40731,CF Montañesa,Unknown Stadium,0,Unknown Coach,25
7964,Torpedo-BelAZ Zhodino,Unknown Stadium,0,Unknown Coach,25
24349,La Fiorita 1967,Unknown Stadium,0,Unknown Coach,25
24350,SS Cosmos,Unknown Stadium,0,Unknown Coach,25
40735,UE Vic,Unknown Stadium,0,Unknown Coach,25
40737,FK Belogorsk,Unknown Stadium,0,Unknown Coach,25
7971,Hércules CF,Unknown Stadium,0,Unknown Coach,25
32548,Yakutia Yakutsk (-2017),Unknown Stadium,0,Unknown Coach,25
7977,Eolikos Mytilinis,Unknown Stadium,0,Unknown Coach,25
16173,Vanlöse IF,Unknown Stadium,0,Unknown Coach,25
40770,Enerhiya Mykolaiv,Unknown Stadium,0,Unknown Coach,25
16196,UE Cornellà,Unknown Stadium,0,Unknown Coach,25
24391,Club_24391,Unknown Stadium,0,Unknown Coach,25
48968,Zorkiy Krasnogorsk,Unknown Stadium,0,Unknown Coach,25
48979,Panthiraikos AO,Unknown Stadium,0,Unknown Coach,25
40798,Gazprom Transgaz Stavropol (- 2014),Unknown Stadium,0,Unknown Coach,25
8031,Neftchi Baku,Unknown Stadium,0,Unknown Coach,25
40800,Krogsbölle-Roerslev FK,Unknown Stadium,0,Unknown Coach,25
48991,Greifswalder FC,Unknown Stadium,0,Unknown Coach,25
8036,ÍBV Vestmannaeyjar,Unknown Stadium,0,Unknown Coach,25
40804,Tarup-Paarup IF,Unknown Stadium,0,Unknown Coach,25
24420,UD Logroñés,Unknown Stadium,0,Unknown Coach,25
8042,FC Inter Turku,Unknown Stadium,0,Unknown Coach,25
8047,FK Suduva Marijampole,Unknown Stadium,0,Unknown Coach,25
57200,Megas Alexandros Orfaniou,Unknown Stadium,0,Unknown Coach,25
16242,Gelios Kharkiv,Unknown Stadium,0,Unknown Coach,25
49018,Shaw Lane A.F.C.,Unknown Stadium,0,Unknown Coach,25
24445,CD Estepona FS,Unknown Stadium,0,Unknown Coach,25
16253,Broxburn Athletic FC,Unknown Stadium,0,Unknown Coach,25
16266,Keith FC,Unknown Stadium,0,Unknown Coach,25
65423,FSC Mariupol,Unknown Stadium,0,Unknown Coach,25
65424,Rubikon Kyiv,Unknown Stadium,0,Unknown Coach,25
32679,Nove Zhyttya Andriivka,Unknown Stadium,0,Unknown Coach,25
16296,Krymteplytsya Molodizhne (- 2014),Unknown Stadium,0,Unknown Coach,25
57266,SV Nieuwkoop,Unknown Stadium,0,Unknown Coach,25
24501,Baikal Irkutsk,Unknown Stadium,0,Unknown Coach,25
8123,Worthing FC,Unknown Stadium,0,Unknown Coach,25
40896,Strogino Moscow,Unknown Stadium,0,Unknown Coach,25
32713,SV Deltasport Vlaardingen,Unknown Stadium,0,Unknown Coach,25
8141,Hastings United,Unknown Stadium,0,Unknown Coach,25
57296,Megas Alexandros Trikalon Imathias,Unknown Stadium,0,Unknown Coach,25
16346,SG Aumund-Vegesack,Unknown Stadium,0,Unknown Coach,25
8161,VV Baronie,Unknown Stadium,0,Unknown Coach,25
8174,FC Vaslui,Unknown Stadium,0,Unknown Coach,25
32755,Ethnikos Gazoros,Unknown Stadium,0,Unknown Coach,25
49149,FK Panevezys,Unknown Stadium,0,Unknown Coach,25
24574,Gretna FC 2008,Unknown Stadium,0,Unknown Coach,25
